[0.000000] (-) TimerEvent: {}
[0.001777] (ldlidar_ros2) JobQueued: {'identifier': 'ldlidar_ros2', 'dependencies': OrderedDict()}
[0.002422] (ldlidar_sl_ros2) JobQueued: {'identifier': 'ldlidar_sl_ros2', 'dependencies': OrderedDict()}
[0.002901] (rf2o_laser_odometry) JobQueued: {'identifier': 'rf2o_laser_odometry', 'dependencies': OrderedDict()}
[0.003125] (ydlidar_ros2_driver) JobQueued: {'identifier': 'ydlidar_ros2_driver', 'dependencies': OrderedDict()}
[0.003428] (lidar_slam_bringup) JobQueued: {'identifier': 'lidar_slam_bringup', 'dependencies': OrderedDict([('ldlidar_ros2', '/home/pi/ros2_ws/install/ldlidar_ros2'), ('rf2o_laser_odometry', '/home/pi/ros2_ws/install/rf2o_laser_odometry')])}
[0.003615] (ldlidar_ros2) JobStarted: {'identifier': 'ldlidar_ros2'}
[0.034493] (rf2o_laser_odometry) JobStarted: {'identifier': 'rf2o_laser_odometry'}
[0.059051] (ldlidar_sl_ros2) JobStarted: {'identifier': 'ldlidar_sl_ros2'}
[0.083481] (ydlidar_ros2_driver) JobStarted: {'identifier': 'ydlidar_ros2_driver'}
[0.099228] (-) TimerEvent: {}
[0.115919] (ldlidar_ros2) JobProgress: {'identifier': 'ldlidar_ros2', 'progress': 'cmake'}
[0.120021] (ldlidar_ros2) Command: {'cmd': ['/usr/bin/cmake', '/home/pi/ros2_ws/src/ldlidar_ros2', '-DCMAKE_INSTALL_PREFIX=/home/pi/ros2_ws/install/ldlidar_ros2'], 'cwd': '/home/pi/ros2_ws/build/ldlidar_ros2', 'env': OrderedDict([('LESSOPEN', '| /usr/bin/lesspipe %s'), ('USER', 'pi'), ('SSH_CLIENT', '192.168.1.67 63544 6767'), ('XDG_SESSION_TYPE', 'tty'), ('GIT_ASKPASS', '/home/pi/.vscode-server/cli/servers/Stable-6928394f91b684055b873eecb8bc281365131f1c/server/extensions/git/dist/askpass.sh'), ('SHLVL', '1'), ('LD_LIBRARY_PATH', '/opt/ros/humble/opt/rviz_ogre_vendor/lib:/home/pi/yahboomcar_ws/install/openslam_gmapping/lib:/opt/ros/humble/lib/aarch64-linux-gnu:/opt/ros/humble/lib'), ('BROWSER', '/home/pi/.vscode-server/cli/servers/Stable-6928394f91b684055b873eecb8bc281365131f1c/server/bin/helpers/browser.sh'), ('MOTD_SHOWN', 'pam'), ('HOME', '/home/pi'), ('OLDPWD', '/home/pi/ros2_ws/src'), ('TERM_PROGRAM_VERSION', '1.124.2'), ('VSCODE_IPC_HOOK_CLI', '/run/user/1000/vscode-ipc-a6270857-dd1e-4d15-9c6c-6c98ace99e62.sock'), ('ROS_PYTHON_VERSION', '3'), ('VSCODE_GIT_ASKPASS_MAIN', '/home/pi/.vscode-server/cli/servers/Stable-6928394f91b684055b873eecb8bc281365131f1c/server/extensions/git/dist/askpass-main.js'), ('VSCODE_GIT_ASKPASS_NODE', '/home/pi/.vscode-server/cli/servers/Stable-6928394f91b684055b873eecb8bc281365131f1c/server/node'), ('VSCODE_PYTHON_AUTOACTIVATE_GUARD', '1'), ('DBUS_SESSION_BUS_ADDRESS', 'unix:path=/run/user/1000/bus'), ('COLORTERM', 'truecolor'), ('COLCON_PREFIX_PATH', '/home/pi/ros2_ws/install:/home/pi/yahboomcar_ws/install'), ('ROS_DISTRO', 'humble'), ('LOGNAME', 'pi'), ('_', '/usr/bin/colcon'), ('ROS_VERSION', '2'), ('CLAUDE_CODE_SSE_PORT', '65012'), ('XDG_SESSION_CLASS', 'user'), ('TERM', 'xterm-256color'), ('XDG_SESSION_ID', '1'), ('ROS_LOCALHOST_ONLY', '0'), ('PATH', '/home/pi/.vscode-server/data/User/globalStorage/github.copilot-chat/debugCommand:/home/pi/.vscode-server/data/User/globalStorage/github.copilot-chat/copilotCli:/home/pi/.vscode-server/cli/servers/Stable-6928394f91b684055b873eecb8bc281365131f1c/server/bin/remote-cli:/opt/ros/humble/bin:/usr/local/sbin:/usr/local/bin:/usr/sbin:/usr/bin:/sbin:/bin:/usr/games:/usr/local/games:/snap/bin'), ('XDG_RUNTIME_DIR', '/run/user/1000'), ('LANG', 'en_US.UTF-8'), ('LS_COLORS', 'rs=0:di=01;34:ln=01;36:mh=00:pi=40;33:so=01;35:do=01;35:bd=40;33;01:cd=40;33;01:or=40;31;01:mi=00:su=37;41:sg=30;43:ca=30;41:tw=30;42:ow=34;42:st=37;44:ex=01;32:*.tar=01;31:*.tgz=01;31:*.arc=01;31:*.arj=01;31:*.taz=01;31:*.lha=01;31:*.lz4=01;31:*.lzh=01;31:*.lzma=01;31:*.tlz=01;31:*.txz=01;31:*.tzo=01;31:*.t7z=01;31:*.zip=01;31:*.z=01;31:*.dz=01;31:*.gz=01;31:*.lrz=01;31:*.lz=01;31:*.lzo=01;31:*.xz=01;31:*.zst=01;31:*.tzst=01;31:*.bz2=01;31:*.bz=01;31:*.tbz=01;31:*.tbz2=01;31:*.tz=01;31:*.deb=01;31:*.rpm=01;31:*.jar=01;31:*.war=01;31:*.ear=01;31:*.sar=01;31:*.rar=01;31:*.alz=01;31:*.ace=01;31:*.zoo=01;31:*.cpio=01;31:*.7z=01;31:*.rz=01;31:*.cab=01;31:*.wim=01;31:*.swm=01;31:*.dwm=01;31:*.esd=01;31:*.jpg=01;35:*.jpeg=01;35:*.mjpg=01;35:*.mjpeg=01;35:*.gif=01;35:*.bmp=01;35:*.pbm=01;35:*.pgm=01;35:*.ppm=01;35:*.tga=01;35:*.xbm=01;35:*.xpm=01;35:*.tif=01;35:*.tiff=01;35:*.png=01;35:*.svg=01;35:*.svgz=01;35:*.mng=01;35:*.pcx=01;35:*.mov=01;35:*.mpg=01;35:*.mpeg=01;35:*.m2v=01;35:*.mkv=01;35:*.webm=01;35:*.webp=01;35:*.ogm=01;35:*.mp4=01;35:*.m4v=01;35:*.mp4v=01;35:*.vob=01;35:*.qt=01;35:*.nuv=01;35:*.wmv=01;35:*.asf=01;35:*.rm=01;35:*.rmvb=01;35:*.flc=01;35:*.avi=01;35:*.fli=01;35:*.flv=01;35:*.gl=01;35:*.dl=01;35:*.xcf=01;35:*.xwd=01;35:*.yuv=01;35:*.cgm=01;35:*.emf=01;35:*.ogv=01;35:*.ogx=01;35:*.aac=00;36:*.au=00;36:*.flac=00;36:*.m4a=00;36:*.mid=00;36:*.midi=00;36:*.mka=00;36:*.mp3=00;36:*.mpc=00;36:*.ogg=00;36:*.ra=00;36:*.wav=00;36:*.oga=00;36:*.opus=00;36:*.spx=00;36:*.xspf=00;36:'), ('VSCODE_GIT_IPC_HANDLE', '/run/user/1000/vscode-git-c356ab9cf8.sock'), ('TERM_PROGRAM', 'vscode'), ('AMENT_PREFIX_PATH', '/home/pi/ros2_ws/install/lidar_slam_bringup:/home/pi/ros2_ws/install/rf2o_laser_odometry:/home/pi/ros2_ws/install/ldlidar_ros2:/home/pi/yahboomcar_ws/install/ydlidar_ros2_driver:/home/pi/yahboomcar_ws/install/slam_gmapping:/home/pi/yahboomcar_ws/install/rf2o_laser_odometry:/home/pi/yahboomcar_ws/install/openslam_gmapping:/opt/ros/humble'), ('SHELL', '/bin/bash'), ('LESSCLOSE', '/usr/bin/lesspipe %s %s'), ('VSCODE_GIT_ASKPASS_EXTRA_ARGS', ''), ('PWD', '/home/pi/ros2_ws/build/ldlidar_ros2'), ('LC_ALL', 'en_US.UTF-8'), ('COPILOT_DEBUG_NONCE', 'a00f81319b19cf8ad0b4a1ceff71c524'), ('SSH_CONNECTION', '192.168.1.67 63544 192.168.1.167 6767'), ('XDG_DATA_DIRS', '/usr/local/share:/usr/share:/var/lib/snapd/desktop'), ('PYTHONPATH', '/home/pi/ros2_ws/build/lidar_slam_bringup:/home/pi/ros2_ws/install/lidar_slam_bringup/lib/python3.10/site-packages:/opt/ros/humble/lib/python3.10/site-packages:/opt/ros/humble/local/lib/python3.10/dist-packages'), ('COLCON', '1'), ('CMAKE_PREFIX_PATH', '/home/pi/ros2_ws/install/rf2o_laser_odometry:/home/pi/ros2_ws/install/ldlidar_ros2:/home/pi/yahboomcar_ws/install/ydlidar_ros2_driver:/home/pi/yahboomcar_ws/install/slam_gmapping:/home/pi/yahboomcar_ws/install/rf2o_laser_odometry:/home/pi/yahboomcar_ws/install/openslam_gmapping:/home/pi/ros2_ws/install/lidar_slam_bringup:/opt/ros/humble')]), 'shell': False}
[0.134262] (rf2o_laser_odometry) JobProgress: {'identifier': 'rf2o_laser_odometry', 'progress': 'cmake'}
[0.138051] (rf2o_laser_odometry) Command: {'cmd': ['/usr/bin/cmake', '/home/pi/ros2_ws/src/rf2o_laser_odometry', '-DCMAKE_INSTALL_PREFIX=/home/pi/ros2_ws/install/rf2o_laser_odometry'], 'cwd': '/home/pi/ros2_ws/build/rf2o_laser_odometry', 'env': OrderedDict([('LESSOPEN', '| /usr/bin/lesspipe %s'), ('USER', 'pi'), ('SSH_CLIENT', '192.168.1.67 63544 6767'), ('XDG_SESSION_TYPE', 'tty'), ('GIT_ASKPASS', '/home/pi/.vscode-server/cli/servers/Stable-6928394f91b684055b873eecb8bc281365131f1c/server/extensions/git/dist/askpass.sh'), ('SHLVL', '1'), ('LD_LIBRARY_PATH', '/opt/ros/humble/opt/rviz_ogre_vendor/lib:/home/pi/yahboomcar_ws/install/openslam_gmapping/lib:/opt/ros/humble/lib/aarch64-linux-gnu:/opt/ros/humble/lib'), ('BROWSER', '/home/pi/.vscode-server/cli/servers/Stable-6928394f91b684055b873eecb8bc281365131f1c/server/bin/helpers/browser.sh'), ('MOTD_SHOWN', 'pam'), ('HOME', '/home/pi'), ('OLDPWD', '/home/pi/ros2_ws/src'), ('TERM_PROGRAM_VERSION', '1.124.2'), ('VSCODE_IPC_HOOK_CLI', '/run/user/1000/vscode-ipc-a6270857-dd1e-4d15-9c6c-6c98ace99e62.sock'), ('ROS_PYTHON_VERSION', '3'), ('VSCODE_GIT_ASKPASS_MAIN', '/home/pi/.vscode-server/cli/servers/Stable-6928394f91b684055b873eecb8bc281365131f1c/server/extensions/git/dist/askpass-main.js'), ('VSCODE_GIT_ASKPASS_NODE', '/home/pi/.vscode-server/cli/servers/Stable-6928394f91b684055b873eecb8bc281365131f1c/server/node'), ('VSCODE_PYTHON_AUTOACTIVATE_GUARD', '1'), ('DBUS_SESSION_BUS_ADDRESS', 'unix:path=/run/user/1000/bus'), ('COLORTERM', 'truecolor'), ('COLCON_PREFIX_PATH', '/home/pi/ros2_ws/install:/home/pi/yahboomcar_ws/install'), ('ROS_DISTRO', 'humble'), ('LOGNAME', 'pi'), ('_', '/usr/bin/colcon'), ('ROS_VERSION', '2'), ('CLAUDE_CODE_SSE_PORT', '65012'), ('XDG_SESSION_CLASS', 'user'), ('TERM', 'xterm-256color'), ('XDG_SESSION_ID', '1'), ('ROS_LOCALHOST_ONLY', '0'), ('PATH', '/home/pi/.vscode-server/data/User/globalStorage/github.copilot-chat/debugCommand:/home/pi/.vscode-server/data/User/globalStorage/github.copilot-chat/copilotCli:/home/pi/.vscode-server/cli/servers/Stable-6928394f91b684055b873eecb8bc281365131f1c/server/bin/remote-cli:/opt/ros/humble/bin:/usr/local/sbin:/usr/local/bin:/usr/sbin:/usr/bin:/sbin:/bin:/usr/games:/usr/local/games:/snap/bin'), ('XDG_RUNTIME_DIR', '/run/user/1000'), ('LANG', 'en_US.UTF-8'), ('LS_COLORS', 'rs=0:di=01;34:ln=01;36:mh=00:pi=40;33:so=01;35:do=01;35:bd=40;33;01:cd=40;33;01:or=40;31;01:mi=00:su=37;41:sg=30;43:ca=30;41:tw=30;42:ow=34;42:st=37;44:ex=01;32:*.tar=01;31:*.tgz=01;31:*.arc=01;31:*.arj=01;31:*.taz=01;31:*.lha=01;31:*.lz4=01;31:*.lzh=01;31:*.lzma=01;31:*.tlz=01;31:*.txz=01;31:*.tzo=01;31:*.t7z=01;31:*.zip=01;31:*.z=01;31:*.dz=01;31:*.gz=01;31:*.lrz=01;31:*.lz=01;31:*.lzo=01;31:*.xz=01;31:*.zst=01;31:*.tzst=01;31:*.bz2=01;31:*.bz=01;31:*.tbz=01;31:*.tbz2=01;31:*.tz=01;31:*.deb=01;31:*.rpm=01;31:*.jar=01;31:*.war=01;31:*.ear=01;31:*.sar=01;31:*.rar=01;31:*.alz=01;31:*.ace=01;31:*.zoo=01;31:*.cpio=01;31:*.7z=01;31:*.rz=01;31:*.cab=01;31:*.wim=01;31:*.swm=01;31:*.dwm=01;31:*.esd=01;31:*.jpg=01;35:*.jpeg=01;35:*.mjpg=01;35:*.mjpeg=01;35:*.gif=01;35:*.bmp=01;35:*.pbm=01;35:*.pgm=01;35:*.ppm=01;35:*.tga=01;35:*.xbm=01;35:*.xpm=01;35:*.tif=01;35:*.tiff=01;35:*.png=01;35:*.svg=01;35:*.svgz=01;35:*.mng=01;35:*.pcx=01;35:*.mov=01;35:*.mpg=01;35:*.mpeg=01;35:*.m2v=01;35:*.mkv=01;35:*.webm=01;35:*.webp=01;35:*.ogm=01;35:*.mp4=01;35:*.m4v=01;35:*.mp4v=01;35:*.vob=01;35:*.qt=01;35:*.nuv=01;35:*.wmv=01;35:*.asf=01;35:*.rm=01;35:*.rmvb=01;35:*.flc=01;35:*.avi=01;35:*.fli=01;35:*.flv=01;35:*.gl=01;35:*.dl=01;35:*.xcf=01;35:*.xwd=01;35:*.yuv=01;35:*.cgm=01;35:*.emf=01;35:*.ogv=01;35:*.ogx=01;35:*.aac=00;36:*.au=00;36:*.flac=00;36:*.m4a=00;36:*.mid=00;36:*.midi=00;36:*.mka=00;36:*.mp3=00;36:*.mpc=00;36:*.ogg=00;36:*.ra=00;36:*.wav=00;36:*.oga=00;36:*.opus=00;36:*.spx=00;36:*.xspf=00;36:'), ('VSCODE_GIT_IPC_HANDLE', '/run/user/1000/vscode-git-c356ab9cf8.sock'), ('TERM_PROGRAM', 'vscode'), ('AMENT_PREFIX_PATH', '/home/pi/ros2_ws/install/lidar_slam_bringup:/home/pi/ros2_ws/install/rf2o_laser_odometry:/home/pi/ros2_ws/install/ldlidar_ros2:/home/pi/yahboomcar_ws/install/ydlidar_ros2_driver:/home/pi/yahboomcar_ws/install/slam_gmapping:/home/pi/yahboomcar_ws/install/rf2o_laser_odometry:/home/pi/yahboomcar_ws/install/openslam_gmapping:/opt/ros/humble'), ('SHELL', '/bin/bash'), ('LESSCLOSE', '/usr/bin/lesspipe %s %s'), ('VSCODE_GIT_ASKPASS_EXTRA_ARGS', ''), ('PWD', '/home/pi/ros2_ws/build/rf2o_laser_odometry'), ('LC_ALL', 'en_US.UTF-8'), ('COPILOT_DEBUG_NONCE', 'a00f81319b19cf8ad0b4a1ceff71c524'), ('SSH_CONNECTION', '192.168.1.67 63544 192.168.1.167 6767'), ('XDG_DATA_DIRS', '/usr/local/share:/usr/share:/var/lib/snapd/desktop'), ('PYTHONPATH', '/home/pi/ros2_ws/build/lidar_slam_bringup:/home/pi/ros2_ws/install/lidar_slam_bringup/lib/python3.10/site-packages:/opt/ros/humble/lib/python3.10/site-packages:/opt/ros/humble/local/lib/python3.10/dist-packages'), ('COLCON', '1'), ('CMAKE_PREFIX_PATH', '/home/pi/ros2_ws/install/rf2o_laser_odometry:/home/pi/ros2_ws/install/ldlidar_ros2:/home/pi/yahboomcar_ws/install/ydlidar_ros2_driver:/home/pi/yahboomcar_ws/install/slam_gmapping:/home/pi/yahboomcar_ws/install/rf2o_laser_odometry:/home/pi/yahboomcar_ws/install/openslam_gmapping:/home/pi/ros2_ws/install/lidar_slam_bringup:/opt/ros/humble')]), 'shell': False}
[0.150843] (ldlidar_sl_ros2) JobProgress: {'identifier': 'ldlidar_sl_ros2', 'progress': 'cmake'}
[0.151966] (ldlidar_sl_ros2) Command: {'cmd': ['/usr/bin/cmake', '/home/pi/ros2_ws/src/ldlidar_sl_ros2', '-DCMAKE_INSTALL_PREFIX=/home/pi/ros2_ws/install/ldlidar_sl_ros2'], 'cwd': '/home/pi/ros2_ws/build/ldlidar_sl_ros2', 'env': OrderedDict([('LESSOPEN', '| /usr/bin/lesspipe %s'), ('USER', 'pi'), ('SSH_CLIENT', '192.168.1.67 63544 6767'), ('XDG_SESSION_TYPE', 'tty'), ('GIT_ASKPASS', '/home/pi/.vscode-server/cli/servers/Stable-6928394f91b684055b873eecb8bc281365131f1c/server/extensions/git/dist/askpass.sh'), ('SHLVL', '1'), ('LD_LIBRARY_PATH', '/opt/ros/humble/opt/rviz_ogre_vendor/lib:/home/pi/yahboomcar_ws/install/openslam_gmapping/lib:/opt/ros/humble/lib/aarch64-linux-gnu:/opt/ros/humble/lib'), ('BROWSER', '/home/pi/.vscode-server/cli/servers/Stable-6928394f91b684055b873eecb8bc281365131f1c/server/bin/helpers/browser.sh'), ('MOTD_SHOWN', 'pam'), ('HOME', '/home/pi'), ('OLDPWD', '/home/pi/ros2_ws/src'), ('TERM_PROGRAM_VERSION', '1.124.2'), ('VSCODE_IPC_HOOK_CLI', '/run/user/1000/vscode-ipc-a6270857-dd1e-4d15-9c6c-6c98ace99e62.sock'), ('ROS_PYTHON_VERSION', '3'), ('VSCODE_GIT_ASKPASS_MAIN', '/home/pi/.vscode-server/cli/servers/Stable-6928394f91b684055b873eecb8bc281365131f1c/server/extensions/git/dist/askpass-main.js'), ('VSCODE_GIT_ASKPASS_NODE', '/home/pi/.vscode-server/cli/servers/Stable-6928394f91b684055b873eecb8bc281365131f1c/server/node'), ('VSCODE_PYTHON_AUTOACTIVATE_GUARD', '1'), ('DBUS_SESSION_BUS_ADDRESS', 'unix:path=/run/user/1000/bus'), ('COLORTERM', 'truecolor'), ('COLCON_PREFIX_PATH', '/home/pi/ros2_ws/install:/home/pi/yahboomcar_ws/install'), ('ROS_DISTRO', 'humble'), ('LOGNAME', 'pi'), ('_', '/usr/bin/colcon'), ('ROS_VERSION', '2'), ('CLAUDE_CODE_SSE_PORT', '65012'), ('XDG_SESSION_CLASS', 'user'), ('TERM', 'xterm-256color'), ('XDG_SESSION_ID', '1'), ('ROS_LOCALHOST_ONLY', '0'), ('PATH', '/home/pi/.vscode-server/data/User/globalStorage/github.copilot-chat/debugCommand:/home/pi/.vscode-server/data/User/globalStorage/github.copilot-chat/copilotCli:/home/pi/.vscode-server/cli/servers/Stable-6928394f91b684055b873eecb8bc281365131f1c/server/bin/remote-cli:/opt/ros/humble/bin:/usr/local/sbin:/usr/local/bin:/usr/sbin:/usr/bin:/sbin:/bin:/usr/games:/usr/local/games:/snap/bin'), ('XDG_RUNTIME_DIR', '/run/user/1000'), ('LANG', 'en_US.UTF-8'), ('LS_COLORS', 'rs=0:di=01;34:ln=01;36:mh=00:pi=40;33:so=01;35:do=01;35:bd=40;33;01:cd=40;33;01:or=40;31;01:mi=00:su=37;41:sg=30;43:ca=30;41:tw=30;42:ow=34;42:st=37;44:ex=01;32:*.tar=01;31:*.tgz=01;31:*.arc=01;31:*.arj=01;31:*.taz=01;31:*.lha=01;31:*.lz4=01;31:*.lzh=01;31:*.lzma=01;31:*.tlz=01;31:*.txz=01;31:*.tzo=01;31:*.t7z=01;31:*.zip=01;31:*.z=01;31:*.dz=01;31:*.gz=01;31:*.lrz=01;31:*.lz=01;31:*.lzo=01;31:*.xz=01;31:*.zst=01;31:*.tzst=01;31:*.bz2=01;31:*.bz=01;31:*.tbz=01;31:*.tbz2=01;31:*.tz=01;31:*.deb=01;31:*.rpm=01;31:*.jar=01;31:*.war=01;31:*.ear=01;31:*.sar=01;31:*.rar=01;31:*.alz=01;31:*.ace=01;31:*.zoo=01;31:*.cpio=01;31:*.7z=01;31:*.rz=01;31:*.cab=01;31:*.wim=01;31:*.swm=01;31:*.dwm=01;31:*.esd=01;31:*.jpg=01;35:*.jpeg=01;35:*.mjpg=01;35:*.mjpeg=01;35:*.gif=01;35:*.bmp=01;35:*.pbm=01;35:*.pgm=01;35:*.ppm=01;35:*.tga=01;35:*.xbm=01;35:*.xpm=01;35:*.tif=01;35:*.tiff=01;35:*.png=01;35:*.svg=01;35:*.svgz=01;35:*.mng=01;35:*.pcx=01;35:*.mov=01;35:*.mpg=01;35:*.mpeg=01;35:*.m2v=01;35:*.mkv=01;35:*.webm=01;35:*.webp=01;35:*.ogm=01;35:*.mp4=01;35:*.m4v=01;35:*.mp4v=01;35:*.vob=01;35:*.qt=01;35:*.nuv=01;35:*.wmv=01;35:*.asf=01;35:*.rm=01;35:*.rmvb=01;35:*.flc=01;35:*.avi=01;35:*.fli=01;35:*.flv=01;35:*.gl=01;35:*.dl=01;35:*.xcf=01;35:*.xwd=01;35:*.yuv=01;35:*.cgm=01;35:*.emf=01;35:*.ogv=01;35:*.ogx=01;35:*.aac=00;36:*.au=00;36:*.flac=00;36:*.m4a=00;36:*.mid=00;36:*.midi=00;36:*.mka=00;36:*.mp3=00;36:*.mpc=00;36:*.ogg=00;36:*.ra=00;36:*.wav=00;36:*.oga=00;36:*.opus=00;36:*.spx=00;36:*.xspf=00;36:'), ('VSCODE_GIT_IPC_HANDLE', '/run/user/1000/vscode-git-c356ab9cf8.sock'), ('TERM_PROGRAM', 'vscode'), ('AMENT_PREFIX_PATH', '/home/pi/ros2_ws/install/lidar_slam_bringup:/home/pi/ros2_ws/install/rf2o_laser_odometry:/home/pi/ros2_ws/install/ldlidar_ros2:/home/pi/yahboomcar_ws/install/ydlidar_ros2_driver:/home/pi/yahboomcar_ws/install/slam_gmapping:/home/pi/yahboomcar_ws/install/rf2o_laser_odometry:/home/pi/yahboomcar_ws/install/openslam_gmapping:/opt/ros/humble'), ('SHELL', '/bin/bash'), ('LESSCLOSE', '/usr/bin/lesspipe %s %s'), ('VSCODE_GIT_ASKPASS_EXTRA_ARGS', ''), ('PWD', '/home/pi/ros2_ws/build/ldlidar_sl_ros2'), ('LC_ALL', 'en_US.UTF-8'), ('COPILOT_DEBUG_NONCE', 'a00f81319b19cf8ad0b4a1ceff71c524'), ('SSH_CONNECTION', '192.168.1.67 63544 192.168.1.167 6767'), ('XDG_DATA_DIRS', '/usr/local/share:/usr/share:/var/lib/snapd/desktop'), ('PYTHONPATH', '/home/pi/ros2_ws/build/lidar_slam_bringup:/home/pi/ros2_ws/install/lidar_slam_bringup/lib/python3.10/site-packages:/opt/ros/humble/lib/python3.10/site-packages:/opt/ros/humble/local/lib/python3.10/dist-packages'), ('COLCON', '1'), ('CMAKE_PREFIX_PATH', '/home/pi/ros2_ws/install/rf2o_laser_odometry:/home/pi/ros2_ws/install/ldlidar_ros2:/home/pi/yahboomcar_ws/install/ydlidar_ros2_driver:/home/pi/yahboomcar_ws/install/slam_gmapping:/home/pi/yahboomcar_ws/install/rf2o_laser_odometry:/home/pi/yahboomcar_ws/install/openslam_gmapping:/home/pi/ros2_ws/install/lidar_slam_bringup:/opt/ros/humble')]), 'shell': False}
[0.176582] (ydlidar_ros2_driver) JobProgress: {'identifier': 'ydlidar_ros2_driver', 'progress': 'cmake'}
[0.186688] (ydlidar_ros2_driver) Command: {'cmd': ['/usr/bin/cmake', '/home/pi/ros2_ws/src/ydlidar_ros2_driver-humble', '-DCMAKE_INSTALL_PREFIX=/home/pi/ros2_ws/install/ydlidar_ros2_driver'], 'cwd': '/home/pi/ros2_ws/build/ydlidar_ros2_driver', 'env': OrderedDict([('LESSOPEN', '| /usr/bin/lesspipe %s'), ('USER', 'pi'), ('SSH_CLIENT', '192.168.1.67 63544 6767'), ('XDG_SESSION_TYPE', 'tty'), ('GIT_ASKPASS', '/home/pi/.vscode-server/cli/servers/Stable-6928394f91b684055b873eecb8bc281365131f1c/server/extensions/git/dist/askpass.sh'), ('SHLVL', '1'), ('LD_LIBRARY_PATH', '/opt/ros/humble/opt/rviz_ogre_vendor/lib:/home/pi/yahboomcar_ws/install/openslam_gmapping/lib:/opt/ros/humble/lib/aarch64-linux-gnu:/opt/ros/humble/lib'), ('BROWSER', '/home/pi/.vscode-server/cli/servers/Stable-6928394f91b684055b873eecb8bc281365131f1c/server/bin/helpers/browser.sh'), ('MOTD_SHOWN', 'pam'), ('HOME', '/home/pi'), ('OLDPWD', '/home/pi/ros2_ws/src'), ('TERM_PROGRAM_VERSION', '1.124.2'), ('VSCODE_IPC_HOOK_CLI', '/run/user/1000/vscode-ipc-a6270857-dd1e-4d15-9c6c-6c98ace99e62.sock'), ('ROS_PYTHON_VERSION', '3'), ('VSCODE_GIT_ASKPASS_MAIN', '/home/pi/.vscode-server/cli/servers/Stable-6928394f91b684055b873eecb8bc281365131f1c/server/extensions/git/dist/askpass-main.js'), ('VSCODE_GIT_ASKPASS_NODE', '/home/pi/.vscode-server/cli/servers/Stable-6928394f91b684055b873eecb8bc281365131f1c/server/node'), ('VSCODE_PYTHON_AUTOACTIVATE_GUARD', '1'), ('DBUS_SESSION_BUS_ADDRESS', 'unix:path=/run/user/1000/bus'), ('COLORTERM', 'truecolor'), ('COLCON_PREFIX_PATH', '/home/pi/ros2_ws/install:/home/pi/yahboomcar_ws/install'), ('ROS_DISTRO', 'humble'), ('LOGNAME', 'pi'), ('_', '/usr/bin/colcon'), ('ROS_VERSION', '2'), ('CLAUDE_CODE_SSE_PORT', '65012'), ('XDG_SESSION_CLASS', 'user'), ('TERM', 'xterm-256color'), ('XDG_SESSION_ID', '1'), ('ROS_LOCALHOST_ONLY', '0'), ('PATH', '/home/pi/.vscode-server/data/User/globalStorage/github.copilot-chat/debugCommand:/home/pi/.vscode-server/data/User/globalStorage/github.copilot-chat/copilotCli:/home/pi/.vscode-server/cli/servers/Stable-6928394f91b684055b873eecb8bc281365131f1c/server/bin/remote-cli:/opt/ros/humble/bin:/usr/local/sbin:/usr/local/bin:/usr/sbin:/usr/bin:/sbin:/bin:/usr/games:/usr/local/games:/snap/bin'), ('XDG_RUNTIME_DIR', '/run/user/1000'), ('LANG', 'en_US.UTF-8'), ('LS_COLORS', 'rs=0:di=01;34:ln=01;36:mh=00:pi=40;33:so=01;35:do=01;35:bd=40;33;01:cd=40;33;01:or=40;31;01:mi=00:su=37;41:sg=30;43:ca=30;41:tw=30;42:ow=34;42:st=37;44:ex=01;32:*.tar=01;31:*.tgz=01;31:*.arc=01;31:*.arj=01;31:*.taz=01;31:*.lha=01;31:*.lz4=01;31:*.lzh=01;31:*.lzma=01;31:*.tlz=01;31:*.txz=01;31:*.tzo=01;31:*.t7z=01;31:*.zip=01;31:*.z=01;31:*.dz=01;31:*.gz=01;31:*.lrz=01;31:*.lz=01;31:*.lzo=01;31:*.xz=01;31:*.zst=01;31:*.tzst=01;31:*.bz2=01;31:*.bz=01;31:*.tbz=01;31:*.tbz2=01;31:*.tz=01;31:*.deb=01;31:*.rpm=01;31:*.jar=01;31:*.war=01;31:*.ear=01;31:*.sar=01;31:*.rar=01;31:*.alz=01;31:*.ace=01;31:*.zoo=01;31:*.cpio=01;31:*.7z=01;31:*.rz=01;31:*.cab=01;31:*.wim=01;31:*.swm=01;31:*.dwm=01;31:*.esd=01;31:*.jpg=01;35:*.jpeg=01;35:*.mjpg=01;35:*.mjpeg=01;35:*.gif=01;35:*.bmp=01;35:*.pbm=01;35:*.pgm=01;35:*.ppm=01;35:*.tga=01;35:*.xbm=01;35:*.xpm=01;35:*.tif=01;35:*.tiff=01;35:*.png=01;35:*.svg=01;35:*.svgz=01;35:*.mng=01;35:*.pcx=01;35:*.mov=01;35:*.mpg=01;35:*.mpeg=01;35:*.m2v=01;35:*.mkv=01;35:*.webm=01;35:*.webp=01;35:*.ogm=01;35:*.mp4=01;35:*.m4v=01;35:*.mp4v=01;35:*.vob=01;35:*.qt=01;35:*.nuv=01;35:*.wmv=01;35:*.asf=01;35:*.rm=01;35:*.rmvb=01;35:*.flc=01;35:*.avi=01;35:*.fli=01;35:*.flv=01;35:*.gl=01;35:*.dl=01;35:*.xcf=01;35:*.xwd=01;35:*.yuv=01;35:*.cgm=01;35:*.emf=01;35:*.ogv=01;35:*.ogx=01;35:*.aac=00;36:*.au=00;36:*.flac=00;36:*.m4a=00;36:*.mid=00;36:*.midi=00;36:*.mka=00;36:*.mp3=00;36:*.mpc=00;36:*.ogg=00;36:*.ra=00;36:*.wav=00;36:*.oga=00;36:*.opus=00;36:*.spx=00;36:*.xspf=00;36:'), ('VSCODE_GIT_IPC_HANDLE', '/run/user/1000/vscode-git-c356ab9cf8.sock'), ('TERM_PROGRAM', 'vscode'), ('AMENT_PREFIX_PATH', '/home/pi/ros2_ws/install/lidar_slam_bringup:/home/pi/ros2_ws/install/rf2o_laser_odometry:/home/pi/ros2_ws/install/ldlidar_ros2:/home/pi/yahboomcar_ws/install/ydlidar_ros2_driver:/home/pi/yahboomcar_ws/install/slam_gmapping:/home/pi/yahboomcar_ws/install/rf2o_laser_odometry:/home/pi/yahboomcar_ws/install/openslam_gmapping:/opt/ros/humble'), ('SHELL', '/bin/bash'), ('LESSCLOSE', '/usr/bin/lesspipe %s %s'), ('VSCODE_GIT_ASKPASS_EXTRA_ARGS', ''), ('PWD', '/home/pi/ros2_ws/build/ydlidar_ros2_driver'), ('LC_ALL', 'en_US.UTF-8'), ('COPILOT_DEBUG_NONCE', 'a00f81319b19cf8ad0b4a1ceff71c524'), ('SSH_CONNECTION', '192.168.1.67 63544 192.168.1.167 6767'), ('XDG_DATA_DIRS', '/usr/local/share:/usr/share:/var/lib/snapd/desktop'), ('PYTHONPATH', '/home/pi/ros2_ws/build/lidar_slam_bringup:/home/pi/ros2_ws/install/lidar_slam_bringup/lib/python3.10/site-packages:/opt/ros/humble/lib/python3.10/site-packages:/opt/ros/humble/local/lib/python3.10/dist-packages'), ('COLCON', '1'), ('CMAKE_PREFIX_PATH', '/home/pi/ros2_ws/install/rf2o_laser_odometry:/home/pi/ros2_ws/install/ldlidar_ros2:/home/pi/yahboomcar_ws/install/ydlidar_ros2_driver:/home/pi/yahboomcar_ws/install/slam_gmapping:/home/pi/yahboomcar_ws/install/rf2o_laser_odometry:/home/pi/yahboomcar_ws/install/openslam_gmapping:/home/pi/ros2_ws/install/lidar_slam_bringup:/opt/ros/humble')]), 'shell': False}
[0.191485] (ldlidar_ros2) StdoutLine: {'line': b'-- Found ament_cmake: 1.3.14 (/opt/ros/humble/share/ament_cmake/cmake)\n'}
[0.199956] (-) TimerEvent: {}
[0.201419] (rf2o_laser_odometry) StdoutLine: {'line': b'-- Found ament_cmake: 1.3.14 (/opt/ros/humble/share/ament_cmake/cmake)\n'}
[0.300193] (-) TimerEvent: {}
[0.401156] (-) TimerEvent: {}
[0.502002] (-) TimerEvent: {}
[0.558501] (ldlidar_sl_ros2) StdoutLine: {'line': b'-- The C compiler identification is GNU 11.4.0\n'}
[0.566271] (ydlidar_ros2_driver) StdoutLine: {'line': b'-- The C compiler identification is GNU 11.4.0\n'}
[0.602292] (-) TimerEvent: {}
[0.703337] (-) TimerEvent: {}
[0.804614] (-) TimerEvent: {}
[0.905863] (-) TimerEvent: {}
[0.926070] (ydlidar_ros2_driver) StdoutLine: {'line': b'-- The CXX compiler identification is GNU 11.4.0\n'}
[0.967603] (ldlidar_sl_ros2) StdoutLine: {'line': b'-- The CXX compiler identification is GNU 11.4.0\n'}
[1.003844] (ydlidar_ros2_driver) StdoutLine: {'line': b'-- Detecting C compiler ABI info\n'}
[1.006106] (-) TimerEvent: {}
[1.087191] (ldlidar_sl_ros2) StdoutLine: {'line': b'-- Detecting C compiler ABI info\n'}
[1.099680] (rf2o_laser_odometry) StdoutLine: {'line': b'-- Override CMake install command with custom implementation using symlinks instead of copying resources\n'}
[1.106551] (-) TimerEvent: {}
[1.133532] (ldlidar_ros2) StdoutLine: {'line': b'-- Override CMake install command with custom implementation using symlinks instead of copying resources\n'}
[1.175349] (rf2o_laser_odometry) StdoutLine: {'line': b'-- Found rclcpp: 16.0.19 (/opt/ros/humble/share/rclcpp/cmake)\n'}
[1.183606] (ldlidar_ros2) StdoutLine: {'line': b'-- Found rclcpp: 16.0.19 (/opt/ros/humble/share/rclcpp/cmake)\n'}
[1.206721] (-) TimerEvent: {}
[1.307519] (-) TimerEvent: {}
[1.367245] (rf2o_laser_odometry) StdoutLine: {'line': b'-- Found rosidl_generator_c: 3.1.8 (/opt/ros/humble/share/rosidl_generator_c/cmake)\n'}
[1.374558] (ldlidar_ros2) StdoutLine: {'line': b'-- Found rosidl_generator_c: 3.1.8 (/opt/ros/humble/share/rosidl_generator_c/cmake)\n'}
[1.403246] (ldlidar_ros2) StdoutLine: {'line': b'-- Found rosidl_adapter: 3.1.8 (/opt/ros/humble/share/rosidl_adapter/cmake)\n'}
[1.407780] (-) TimerEvent: {}
[1.420263] (rf2o_laser_odometry) StdoutLine: {'line': b'-- Found rosidl_adapter: 3.1.8 (/opt/ros/humble/share/rosidl_adapter/cmake)\n'}
[1.438717] (ydlidar_ros2_driver) StdoutLine: {'line': b'-- Detecting C compiler ABI info - done\n'}
[1.443346] (ldlidar_ros2) StdoutLine: {'line': b'-- Found rosidl_generator_cpp: 3.1.8 (/opt/ros/humble/share/rosidl_generator_cpp/cmake)\n'}
[1.454474] (rf2o_laser_odometry) StdoutLine: {'line': b'-- Found rosidl_generator_cpp: 3.1.8 (/opt/ros/humble/share/rosidl_generator_cpp/cmake)\n'}
[1.485750] (ydlidar_ros2_driver) StdoutLine: {'line': b'-- Check for working C compiler: /usr/bin/cc - skipped\n'}
[1.487962] (ydlidar_ros2_driver) StdoutLine: {'line': b'-- Detecting C compile features\n'}
[1.491258] (ydlidar_ros2_driver) StdoutLine: {'line': b'-- Detecting C compile features - done\n'}
[1.498763] (ldlidar_ros2) StdoutLine: {'line': b'-- Using all available rosidl_typesupport_c: rosidl_typesupport_fastrtps_c;rosidl_typesupport_introspection_c\n'}
[1.508094] (-) TimerEvent: {}
[1.510011] (ydlidar_ros2_driver) StdoutLine: {'line': b'-- Detecting CXX compiler ABI info\n'}
[1.517260] (rf2o_laser_odometry) StdoutLine: {'line': b'-- Using all available rosidl_typesupport_c: rosidl_typesupport_fastrtps_c;rosidl_typesupport_introspection_c\n'}
[1.553819] (ldlidar_sl_ros2) StdoutLine: {'line': b'-- Detecting C compiler ABI info - done\n'}
[1.575841] (ldlidar_ros2) StdoutLine: {'line': b'-- Using all available rosidl_typesupport_cpp: rosidl_typesupport_fastrtps_cpp;rosidl_typesupport_introspection_cpp\n'}
[1.581133] (ldlidar_sl_ros2) StdoutLine: {'line': b'-- Check for working C compiler: /usr/bin/cc - skipped\n'}
[1.581975] (ldlidar_sl_ros2) StdoutLine: {'line': b'-- Detecting C compile features\n'}
[1.583946] (ldlidar_sl_ros2) StdoutLine: {'line': b'-- Detecting C compile features - done\n'}
[1.588014] (rf2o_laser_odometry) StdoutLine: {'line': b'-- Using all available rosidl_typesupport_cpp: rosidl_typesupport_fastrtps_cpp;rosidl_typesupport_introspection_cpp\n'}
[1.596179] (ldlidar_sl_ros2) StdoutLine: {'line': b'-- Detecting CXX compiler ABI info\n'}
[1.608424] (-) TimerEvent: {}
[1.710470] (-) TimerEvent: {}
[1.769765] (ldlidar_ros2) StdoutLine: {'line': b'-- Found rmw_implementation_cmake: 6.1.2 (/opt/ros/humble/share/rmw_implementation_cmake/cmake)\n'}
[1.770659] (rf2o_laser_odometry) StdoutLine: {'line': b'-- Found rmw_implementation_cmake: 6.1.2 (/opt/ros/humble/share/rmw_implementation_cmake/cmake)\n'}
[1.778419] (rf2o_laser_odometry) StdoutLine: {'line': b'-- Found rmw_fastrtps_cpp: 6.2.10 (/opt/ros/humble/share/rmw_fastrtps_cpp/cmake)\n'}
[1.779114] (ldlidar_ros2) StdoutLine: {'line': b'-- Found rmw_fastrtps_cpp: 6.2.10 (/opt/ros/humble/share/rmw_fastrtps_cpp/cmake)\n'}
[1.810676] (-) TimerEvent: {}
[1.912408] (-) TimerEvent: {}
[1.966069] (ydlidar_ros2_driver) StdoutLine: {'line': b'-- Detecting CXX compiler ABI info - done\n'}
[1.994786] (ydlidar_ros2_driver) StdoutLine: {'line': b'-- Check for working CXX compiler: /usr/bin/c++ - skipped\n'}
[1.997593] (ydlidar_ros2_driver) StdoutLine: {'line': b'-- Detecting CXX compile features\n'}
[2.001050] (ydlidar_ros2_driver) StdoutLine: {'line': b'-- Detecting CXX compile features - done\n'}
[2.012661] (-) TimerEvent: {}
[2.045173] (ydlidar_ros2_driver) StdoutLine: {'line': b'-- Found ament_cmake: 1.3.14 (/opt/ros/humble/share/ament_cmake/cmake)\n'}
[2.074014] (ldlidar_sl_ros2) StdoutLine: {'line': b'-- Detecting CXX compiler ABI info - done\n'}
[2.102405] (ldlidar_sl_ros2) StdoutLine: {'line': b'-- Check for working CXX compiler: /usr/bin/c++ - skipped\n'}
[2.104652] (ldlidar_sl_ros2) StdoutLine: {'line': b'-- Detecting CXX compile features\n'}
[2.107811] (ldlidar_sl_ros2) StdoutLine: {'line': b'-- Detecting CXX compile features - done\n'}
[2.112857] (-) TimerEvent: {}
[2.146469] (ldlidar_sl_ros2) StdoutLine: {'line': b'-- Found ament_cmake: 1.3.14 (/opt/ros/humble/share/ament_cmake/cmake)\n'}
[2.213048] (-) TimerEvent: {}
[2.315157] (-) TimerEvent: {}
[2.417166] (-) TimerEvent: {}
[2.518514] (-) TimerEvent: {}
[2.601591] (ldlidar_ros2) StdoutLine: {'line': b"-- Using RMW implementation 'rmw_fastrtps_cpp' as default\n"}
[2.618745] (-) TimerEvent: {}
[2.631414] (rf2o_laser_odometry) StdoutLine: {'line': b"-- Using RMW implementation 'rmw_fastrtps_cpp' as default\n"}
[2.718997] (-) TimerEvent: {}
[2.820580] (-) TimerEvent: {}
[2.902409] (ldlidar_ros2) StdoutLine: {'line': b'-- Found sensor_msgs: 4.9.1 (/opt/ros/humble/share/sensor_msgs/cmake)\n'}
[2.920755] (-) TimerEvent: {}
[2.946333] (rf2o_laser_odometry) StdoutLine: {'line': b'-- Found geometry_msgs: 4.9.1 (/opt/ros/humble/share/geometry_msgs/cmake)\n'}
[3.021345] (-) TimerEvent: {}
[3.026420] (rf2o_laser_odometry) StdoutLine: {'line': b'-- Found tf2_geometry_msgs: 0.25.20 (/opt/ros/humble/share/tf2_geometry_msgs/cmake)\n'}
[3.045375] (rf2o_laser_odometry) StdoutLine: {'line': b'-- Found eigen3_cmake_module: 0.1.1 (/opt/ros/humble/share/eigen3_cmake_module/cmake)\n'}
[3.052860] (rf2o_laser_odometry) StdoutLine: {'line': b'-- Ensuring Eigen3 include directory is part of orocos-kdl CMake target\n'}
[3.078946] (ldlidar_ros2) StdoutLine: {'line': b'-- Found ament_lint_auto: 0.12.15 (/opt/ros/humble/share/ament_lint_auto/cmake)\n'}
[3.120430] (ydlidar_ros2_driver) StdoutLine: {'line': b'-- Found Python3: /usr/bin/python3 (found version "3.10.12") found components: Interpreter \n'}
[3.121426] (-) TimerEvent: {}
[3.203526] (ldlidar_sl_ros2) StdoutLine: {'line': b'-- Found Python3: /usr/bin/python3 (found version "3.10.12") found components: Interpreter \n'}
[3.221800] (-) TimerEvent: {}
[3.323024] (-) TimerEvent: {}
[3.423960] (-) TimerEvent: {}
[3.524961] (-) TimerEvent: {}
[3.541581] (ldlidar_ros2) StdoutLine: {'line': b'-- operation system is Linux-5.15.0-1103-raspi\n'}
[3.544147] (ldlidar_ros2) StdoutLine: {'line': b'-- current platform: Linux \n'}
[3.603100] (ldlidar_ros2) StdoutLine: {'line': b"-- Added test 'copyright' to check source files copyright and LICENSE\n"}
[3.615447] (rf2o_laser_odometry) StdoutLine: {'line': b'-- Found sensor_msgs: 4.9.1 (/opt/ros/humble/share/sensor_msgs/cmake)\n'}
[3.625396] (-) TimerEvent: {}
[3.700869] (rf2o_laser_odometry) StdoutLine: {'line': b'-- Found nav_msgs: 4.9.1 (/opt/ros/humble/share/nav_msgs/cmake)\n'}
[3.722288] (ldlidar_ros2) StdoutLine: {'line': b"-- Added test 'cppcheck' to perform static code analysis on C / C++ code\n"}
[3.724426] (ldlidar_ros2) StdoutLine: {'line': b'-- Configured cppcheck include dirs: /home/pi/ros2_ws/src/ldlidar_ros2/include;/home/pi/ros2_ws/src/ldlidar_ros2/sdk/include\n'}
[3.725067] (ldlidar_ros2) StdoutLine: {'line': b'-- Configured cppcheck exclude dirs and/or files: \n'}
[3.725587] (-) TimerEvent: {}
[3.822020] (ldlidar_ros2) StdoutLine: {'line': b"-- Added test 'cpplint' to check C / C++ code against the Google style\n"}
[3.822735] (ldlidar_ros2) StdoutLine: {'line': b'-- Configured cpplint exclude dirs and/or files: \n'}
[3.825798] (-) TimerEvent: {}
[3.838592] (ldlidar_ros2) StdoutLine: {'line': b"-- Added test 'flake8' to check Python code syntax and style conventions\n"}
[3.864999] (ldlidar_ros2) StdoutLine: {'line': b"-- Added test 'lint_cmake' to check CMake code style\n"}
[3.879540] (ldlidar_ros2) StdoutLine: {'line': b"-- Added test 'pep257' to check Python code against some of the docstring style conventions in PEP 257\n"}
[3.925989] (-) TimerEvent: {}
[3.983042] (ldlidar_ros2) StdoutLine: {'line': b"-- Added test 'uncrustify' to check C / C++ code style\n"}
[3.983825] (ldlidar_ros2) StdoutLine: {'line': b'-- Configured uncrustify additional arguments: \n'}
[3.999454] (ldlidar_ros2) StdoutLine: {'line': b"-- Added test 'xmllint' to check XML markup files\n"}
[4.009312] (ldlidar_ros2) StdoutLine: {'line': b'-- Configuring done\n'}
[4.026218] (-) TimerEvent: {}
[4.053166] (ldlidar_sl_ros2) StdoutLine: {'line': b'-- Found rclcpp: 16.0.19 (/opt/ros/humble/share/rclcpp/cmake)\n'}
[4.085437] (ydlidar_ros2_driver) StdoutLine: {'line': b'-- Found rclcpp: 16.0.19 (/opt/ros/humble/share/rclcpp/cmake)\n'}
[4.126593] (-) TimerEvent: {}
[4.152477] (ldlidar_ros2) StdoutLine: {'line': b'-- Generating done\n'}
[4.158832] (rf2o_laser_odometry) StdoutLine: {'line': b'-- Configuring done\n'}
[4.186042] (ldlidar_ros2) StdoutLine: {'line': b'-- Build files have been written to: /home/pi/ros2_ws/build/ldlidar_ros2\n'}
[4.231031] (ldlidar_ros2) CommandEnded: {'returncode': 0}
[4.232619] (-) TimerEvent: {}
[4.233279] (ldlidar_ros2) JobProgress: {'identifier': 'ldlidar_ros2', 'progress': 'build'}
[4.233545] (ldlidar_ros2) Command: {'cmd': ['/usr/bin/cmake', '--build', '/home/pi/ros2_ws/build/ldlidar_ros2', '--', '-j4', '-l4'], 'cwd': '/home/pi/ros2_ws/build/ldlidar_ros2', 'env': OrderedDict([('LESSOPEN', '| /usr/bin/lesspipe %s'), ('USER', 'pi'), ('SSH_CLIENT', '192.168.1.67 63544 6767'), ('XDG_SESSION_TYPE', 'tty'), ('GIT_ASKPASS', '/home/pi/.vscode-server/cli/servers/Stable-6928394f91b684055b873eecb8bc281365131f1c/server/extensions/git/dist/askpass.sh'), ('SHLVL', '1'), ('LD_LIBRARY_PATH', '/opt/ros/humble/opt/rviz_ogre_vendor/lib:/home/pi/yahboomcar_ws/install/openslam_gmapping/lib:/opt/ros/humble/lib/aarch64-linux-gnu:/opt/ros/humble/lib'), ('BROWSER', '/home/pi/.vscode-server/cli/servers/Stable-6928394f91b684055b873eecb8bc281365131f1c/server/bin/helpers/browser.sh'), ('MOTD_SHOWN', 'pam'), ('HOME', '/home/pi'), ('OLDPWD', '/home/pi/ros2_ws/src'), ('TERM_PROGRAM_VERSION', '1.124.2'), ('VSCODE_IPC_HOOK_CLI', '/run/user/1000/vscode-ipc-a6270857-dd1e-4d15-9c6c-6c98ace99e62.sock'), ('ROS_PYTHON_VERSION', '3'), ('VSCODE_GIT_ASKPASS_MAIN', '/home/pi/.vscode-server/cli/servers/Stable-6928394f91b684055b873eecb8bc281365131f1c/server/extensions/git/dist/askpass-main.js'), ('VSCODE_GIT_ASKPASS_NODE', '/home/pi/.vscode-server/cli/servers/Stable-6928394f91b684055b873eecb8bc281365131f1c/server/node'), ('VSCODE_PYTHON_AUTOACTIVATE_GUARD', '1'), ('DBUS_SESSION_BUS_ADDRESS', 'unix:path=/run/user/1000/bus'), ('COLORTERM', 'truecolor'), ('COLCON_PREFIX_PATH', '/home/pi/ros2_ws/install:/home/pi/yahboomcar_ws/install'), ('ROS_DISTRO', 'humble'), ('LOGNAME', 'pi'), ('_', '/usr/bin/colcon'), ('ROS_VERSION', '2'), ('CLAUDE_CODE_SSE_PORT', '65012'), ('XDG_SESSION_CLASS', 'user'), ('TERM', 'xterm-256color'), ('XDG_SESSION_ID', '1'), ('ROS_LOCALHOST_ONLY', '0'), ('PATH', '/home/pi/.vscode-server/data/User/globalStorage/github.copilot-chat/debugCommand:/home/pi/.vscode-server/data/User/globalStorage/github.copilot-chat/copilotCli:/home/pi/.vscode-server/cli/servers/Stable-6928394f91b684055b873eecb8bc281365131f1c/server/bin/remote-cli:/opt/ros/humble/bin:/usr/local/sbin:/usr/local/bin:/usr/sbin:/usr/bin:/sbin:/bin:/usr/games:/usr/local/games:/snap/bin'), ('XDG_RUNTIME_DIR', '/run/user/1000'), ('LANG', 'en_US.UTF-8'), ('LS_COLORS', 'rs=0:di=01;34:ln=01;36:mh=00:pi=40;33:so=01;35:do=01;35:bd=40;33;01:cd=40;33;01:or=40;31;01:mi=00:su=37;41:sg=30;43:ca=30;41:tw=30;42:ow=34;42:st=37;44:ex=01;32:*.tar=01;31:*.tgz=01;31:*.arc=01;31:*.arj=01;31:*.taz=01;31:*.lha=01;31:*.lz4=01;31:*.lzh=01;31:*.lzma=01;31:*.tlz=01;31:*.txz=01;31:*.tzo=01;31:*.t7z=01;31:*.zip=01;31:*.z=01;31:*.dz=01;31:*.gz=01;31:*.lrz=01;31:*.lz=01;31:*.lzo=01;31:*.xz=01;31:*.zst=01;31:*.tzst=01;31:*.bz2=01;31:*.bz=01;31:*.tbz=01;31:*.tbz2=01;31:*.tz=01;31:*.deb=01;31:*.rpm=01;31:*.jar=01;31:*.war=01;31:*.ear=01;31:*.sar=01;31:*.rar=01;31:*.alz=01;31:*.ace=01;31:*.zoo=01;31:*.cpio=01;31:*.7z=01;31:*.rz=01;31:*.cab=01;31:*.wim=01;31:*.swm=01;31:*.dwm=01;31:*.esd=01;31:*.jpg=01;35:*.jpeg=01;35:*.mjpg=01;35:*.mjpeg=01;35:*.gif=01;35:*.bmp=01;35:*.pbm=01;35:*.pgm=01;35:*.ppm=01;35:*.tga=01;35:*.xbm=01;35:*.xpm=01;35:*.tif=01;35:*.tiff=01;35:*.png=01;35:*.svg=01;35:*.svgz=01;35:*.mng=01;35:*.pcx=01;35:*.mov=01;35:*.mpg=01;35:*.mpeg=01;35:*.m2v=01;35:*.mkv=01;35:*.webm=01;35:*.webp=01;35:*.ogm=01;35:*.mp4=01;35:*.m4v=01;35:*.mp4v=01;35:*.vob=01;35:*.qt=01;35:*.nuv=01;35:*.wmv=01;35:*.asf=01;35:*.rm=01;35:*.rmvb=01;35:*.flc=01;35:*.avi=01;35:*.fli=01;35:*.flv=01;35:*.gl=01;35:*.dl=01;35:*.xcf=01;35:*.xwd=01;35:*.yuv=01;35:*.cgm=01;35:*.emf=01;35:*.ogv=01;35:*.ogx=01;35:*.aac=00;36:*.au=00;36:*.flac=00;36:*.m4a=00;36:*.mid=00;36:*.midi=00;36:*.mka=00;36:*.mp3=00;36:*.mpc=00;36:*.ogg=00;36:*.ra=00;36:*.wav=00;36:*.oga=00;36:*.opus=00;36:*.spx=00;36:*.xspf=00;36:'), ('VSCODE_GIT_IPC_HANDLE', '/run/user/1000/vscode-git-c356ab9cf8.sock'), ('TERM_PROGRAM', 'vscode'), ('AMENT_PREFIX_PATH', '/home/pi/ros2_ws/install/lidar_slam_bringup:/home/pi/ros2_ws/install/rf2o_laser_odometry:/home/pi/ros2_ws/install/ldlidar_ros2:/home/pi/yahboomcar_ws/install/ydlidar_ros2_driver:/home/pi/yahboomcar_ws/install/slam_gmapping:/home/pi/yahboomcar_ws/install/rf2o_laser_odometry:/home/pi/yahboomcar_ws/install/openslam_gmapping:/opt/ros/humble'), ('SHELL', '/bin/bash'), ('LESSCLOSE', '/usr/bin/lesspipe %s %s'), ('VSCODE_GIT_ASKPASS_EXTRA_ARGS', ''), ('PWD', '/home/pi/ros2_ws/build/ldlidar_ros2'), ('LC_ALL', 'en_US.UTF-8'), ('COPILOT_DEBUG_NONCE', 'a00f81319b19cf8ad0b4a1ceff71c524'), ('SSH_CONNECTION', '192.168.1.67 63544 192.168.1.167 6767'), ('XDG_DATA_DIRS', '/usr/local/share:/usr/share:/var/lib/snapd/desktop'), ('PYTHONPATH', '/home/pi/ros2_ws/build/lidar_slam_bringup:/home/pi/ros2_ws/install/lidar_slam_bringup/lib/python3.10/site-packages:/opt/ros/humble/lib/python3.10/site-packages:/opt/ros/humble/local/lib/python3.10/dist-packages'), ('COLCON', '1'), ('CMAKE_PREFIX_PATH', '/home/pi/ros2_ws/install/rf2o_laser_odometry:/home/pi/ros2_ws/install/ldlidar_ros2:/home/pi/yahboomcar_ws/install/ydlidar_ros2_driver:/home/pi/yahboomcar_ws/install/slam_gmapping:/home/pi/yahboomcar_ws/install/rf2o_laser_odometry:/home/pi/yahboomcar_ws/install/openslam_gmapping:/home/pi/ros2_ws/install/lidar_slam_bringup:/opt/ros/humble')]), 'shell': False}
[4.277034] (rf2o_laser_odometry) StdoutLine: {'line': b'-- Generating done\n'}
[4.308633] (rf2o_laser_odometry) StdoutLine: {'line': b'-- Build files have been written to: /home/pi/ros2_ws/build/rf2o_laser_odometry\n'}
[4.332895] (-) TimerEvent: {}
[4.348185] (rf2o_laser_odometry) CommandEnded: {'returncode': 0}
[4.350448] (rf2o_laser_odometry) JobProgress: {'identifier': 'rf2o_laser_odometry', 'progress': 'build'}
[4.354347] (rf2o_laser_odometry) Command: {'cmd': ['/usr/bin/cmake', '--build', '/home/pi/ros2_ws/build/rf2o_laser_odometry', '--', '-j4', '-l4'], 'cwd': '/home/pi/ros2_ws/build/rf2o_laser_odometry', 'env': OrderedDict([('LESSOPEN', '| /usr/bin/lesspipe %s'), ('USER', 'pi'), ('SSH_CLIENT', '192.168.1.67 63544 6767'), ('XDG_SESSION_TYPE', 'tty'), ('GIT_ASKPASS', '/home/pi/.vscode-server/cli/servers/Stable-6928394f91b684055b873eecb8bc281365131f1c/server/extensions/git/dist/askpass.sh'), ('SHLVL', '1'), ('LD_LIBRARY_PATH', '/opt/ros/humble/opt/rviz_ogre_vendor/lib:/home/pi/yahboomcar_ws/install/openslam_gmapping/lib:/opt/ros/humble/lib/aarch64-linux-gnu:/opt/ros/humble/lib'), ('BROWSER', '/home/pi/.vscode-server/cli/servers/Stable-6928394f91b684055b873eecb8bc281365131f1c/server/bin/helpers/browser.sh'), ('MOTD_SHOWN', 'pam'), ('HOME', '/home/pi'), ('OLDPWD', '/home/pi/ros2_ws/src'), ('TERM_PROGRAM_VERSION', '1.124.2'), ('VSCODE_IPC_HOOK_CLI', '/run/user/1000/vscode-ipc-a6270857-dd1e-4d15-9c6c-6c98ace99e62.sock'), ('ROS_PYTHON_VERSION', '3'), ('VSCODE_GIT_ASKPASS_MAIN', '/home/pi/.vscode-server/cli/servers/Stable-6928394f91b684055b873eecb8bc281365131f1c/server/extensions/git/dist/askpass-main.js'), ('VSCODE_GIT_ASKPASS_NODE', '/home/pi/.vscode-server/cli/servers/Stable-6928394f91b684055b873eecb8bc281365131f1c/server/node'), ('VSCODE_PYTHON_AUTOACTIVATE_GUARD', '1'), ('DBUS_SESSION_BUS_ADDRESS', 'unix:path=/run/user/1000/bus'), ('COLORTERM', 'truecolor'), ('COLCON_PREFIX_PATH', '/home/pi/ros2_ws/install:/home/pi/yahboomcar_ws/install'), ('ROS_DISTRO', 'humble'), ('LOGNAME', 'pi'), ('_', '/usr/bin/colcon'), ('ROS_VERSION', '2'), ('CLAUDE_CODE_SSE_PORT', '65012'), ('XDG_SESSION_CLASS', 'user'), ('TERM', 'xterm-256color'), ('XDG_SESSION_ID', '1'), ('ROS_LOCALHOST_ONLY', '0'), ('PATH', '/home/pi/.vscode-server/data/User/globalStorage/github.copilot-chat/debugCommand:/home/pi/.vscode-server/data/User/globalStorage/github.copilot-chat/copilotCli:/home/pi/.vscode-server/cli/servers/Stable-6928394f91b684055b873eecb8bc281365131f1c/server/bin/remote-cli:/opt/ros/humble/bin:/usr/local/sbin:/usr/local/bin:/usr/sbin:/usr/bin:/sbin:/bin:/usr/games:/usr/local/games:/snap/bin'), ('XDG_RUNTIME_DIR', '/run/user/1000'), ('LANG', 'en_US.UTF-8'), ('LS_COLORS', 'rs=0:di=01;34:ln=01;36:mh=00:pi=40;33:so=01;35:do=01;35:bd=40;33;01:cd=40;33;01:or=40;31;01:mi=00:su=37;41:sg=30;43:ca=30;41:tw=30;42:ow=34;42:st=37;44:ex=01;32:*.tar=01;31:*.tgz=01;31:*.arc=01;31:*.arj=01;31:*.taz=01;31:*.lha=01;31:*.lz4=01;31:*.lzh=01;31:*.lzma=01;31:*.tlz=01;31:*.txz=01;31:*.tzo=01;31:*.t7z=01;31:*.zip=01;31:*.z=01;31:*.dz=01;31:*.gz=01;31:*.lrz=01;31:*.lz=01;31:*.lzo=01;31:*.xz=01;31:*.zst=01;31:*.tzst=01;31:*.bz2=01;31:*.bz=01;31:*.tbz=01;31:*.tbz2=01;31:*.tz=01;31:*.deb=01;31:*.rpm=01;31:*.jar=01;31:*.war=01;31:*.ear=01;31:*.sar=01;31:*.rar=01;31:*.alz=01;31:*.ace=01;31:*.zoo=01;31:*.cpio=01;31:*.7z=01;31:*.rz=01;31:*.cab=01;31:*.wim=01;31:*.swm=01;31:*.dwm=01;31:*.esd=01;31:*.jpg=01;35:*.jpeg=01;35:*.mjpg=01;35:*.mjpeg=01;35:*.gif=01;35:*.bmp=01;35:*.pbm=01;35:*.pgm=01;35:*.ppm=01;35:*.tga=01;35:*.xbm=01;35:*.xpm=01;35:*.tif=01;35:*.tiff=01;35:*.png=01;35:*.svg=01;35:*.svgz=01;35:*.mng=01;35:*.pcx=01;35:*.mov=01;35:*.mpg=01;35:*.mpeg=01;35:*.m2v=01;35:*.mkv=01;35:*.webm=01;35:*.webp=01;35:*.ogm=01;35:*.mp4=01;35:*.m4v=01;35:*.mp4v=01;35:*.vob=01;35:*.qt=01;35:*.nuv=01;35:*.wmv=01;35:*.asf=01;35:*.rm=01;35:*.rmvb=01;35:*.flc=01;35:*.avi=01;35:*.fli=01;35:*.flv=01;35:*.gl=01;35:*.dl=01;35:*.xcf=01;35:*.xwd=01;35:*.yuv=01;35:*.cgm=01;35:*.emf=01;35:*.ogv=01;35:*.ogx=01;35:*.aac=00;36:*.au=00;36:*.flac=00;36:*.m4a=00;36:*.mid=00;36:*.midi=00;36:*.mka=00;36:*.mp3=00;36:*.mpc=00;36:*.ogg=00;36:*.ra=00;36:*.wav=00;36:*.oga=00;36:*.opus=00;36:*.spx=00;36:*.xspf=00;36:'), ('VSCODE_GIT_IPC_HANDLE', '/run/user/1000/vscode-git-c356ab9cf8.sock'), ('TERM_PROGRAM', 'vscode'), ('AMENT_PREFIX_PATH', '/home/pi/ros2_ws/install/lidar_slam_bringup:/home/pi/ros2_ws/install/rf2o_laser_odometry:/home/pi/ros2_ws/install/ldlidar_ros2:/home/pi/yahboomcar_ws/install/ydlidar_ros2_driver:/home/pi/yahboomcar_ws/install/slam_gmapping:/home/pi/yahboomcar_ws/install/rf2o_laser_odometry:/home/pi/yahboomcar_ws/install/openslam_gmapping:/opt/ros/humble'), ('SHELL', '/bin/bash'), ('LESSCLOSE', '/usr/bin/lesspipe %s %s'), ('VSCODE_GIT_ASKPASS_EXTRA_ARGS', ''), ('PWD', '/home/pi/ros2_ws/build/rf2o_laser_odometry'), ('LC_ALL', 'en_US.UTF-8'), ('COPILOT_DEBUG_NONCE', 'a00f81319b19cf8ad0b4a1ceff71c524'), ('SSH_CONNECTION', '192.168.1.67 63544 192.168.1.167 6767'), ('XDG_DATA_DIRS', '/usr/local/share:/usr/share:/var/lib/snapd/desktop'), ('PYTHONPATH', '/home/pi/ros2_ws/build/lidar_slam_bringup:/home/pi/ros2_ws/install/lidar_slam_bringup/lib/python3.10/site-packages:/opt/ros/humble/lib/python3.10/site-packages:/opt/ros/humble/local/lib/python3.10/dist-packages'), ('COLCON', '1'), ('CMAKE_PREFIX_PATH', '/home/pi/ros2_ws/install/rf2o_laser_odometry:/home/pi/ros2_ws/install/ldlidar_ros2:/home/pi/yahboomcar_ws/install/ydlidar_ros2_driver:/home/pi/yahboomcar_ws/install/slam_gmapping:/home/pi/yahboomcar_ws/install/rf2o_laser_odometry:/home/pi/yahboomcar_ws/install/openslam_gmapping:/home/pi/ros2_ws/install/lidar_slam_bringup:/opt/ros/humble')]), 'shell': False}
[4.433147] (-) TimerEvent: {}
[4.439276] (ldlidar_ros2) StdoutLine: {'line': b'\x1b[35m\x1b[1mConsolidate compiler generated dependencies of target ldlidar_driver\x1b[0m\n'}
[4.505000] (ldlidar_sl_ros2) StdoutLine: {'line': b'-- Found rosidl_generator_c: 3.1.8 (/opt/ros/humble/share/rosidl_generator_c/cmake)\n'}
[4.533365] (-) TimerEvent: {}
[4.563034] (rf2o_laser_odometry) StdoutLine: {'line': b'\x1b[35m\x1b[1mConsolidate compiler generated dependencies of target rf2o_laser_odometry_node\x1b[0m\n'}
[4.573379] (ldlidar_sl_ros2) StdoutLine: {'line': b'-- Found rosidl_adapter: 3.1.8 (/opt/ros/humble/share/rosidl_adapter/cmake)\n'}
[4.626399] (rf2o_laser_odometry) StdoutLine: {'line': b'\x1b[35m\x1b[1mConsolidate compiler generated dependencies of target rf2o_laser_odometry\x1b[0m\n'}
[4.633640] (-) TimerEvent: {}
[4.673844] (ydlidar_ros2_driver) StdoutLine: {'line': b'-- Found rosidl_generator_c: 3.1.8 (/opt/ros/humble/share/rosidl_generator_c/cmake)\n'}
[4.681602] (ldlidar_sl_ros2) StdoutLine: {'line': b'-- Found rosidl_generator_cpp: 3.1.8 (/opt/ros/humble/share/rosidl_generator_cpp/cmake)\n'}
[4.683697] (ldlidar_ros2) StdoutLine: {'line': b'[ 84%] Built target ldlidar_driver\n'}
[4.733872] (-) TimerEvent: {}
[4.739820] (ldlidar_ros2) StdoutLine: {'line': b'\x1b[35m\x1b[1mConsolidate compiler generated dependencies of target ldlidar_ros2_node\x1b[0m\n'}
[4.747967] (ydlidar_ros2_driver) StdoutLine: {'line': b'-- Found rosidl_adapter: 3.1.8 (/opt/ros/humble/share/rosidl_adapter/cmake)\n'}
[4.785430] (rf2o_laser_odometry) StdoutLine: {'line': b'[ 60%] Built target rf2o_laser_odometry_node\n'}
[4.788431] (ldlidar_sl_ros2) StdoutLine: {'line': b'-- Using all available rosidl_typesupport_c: rosidl_typesupport_fastrtps_c;rosidl_typesupport_introspection_c\n'}
[4.828683] (ydlidar_ros2_driver) StdoutLine: {'line': b'-- Found rosidl_generator_cpp: 3.1.8 (/opt/ros/humble/share/rosidl_generator_cpp/cmake)\n'}
[4.831733] (rf2o_laser_odometry) StdoutLine: {'line': b'[100%] Built target rf2o_laser_odometry\n'}
[4.834205] (-) TimerEvent: {}
[4.883441] (rf2o_laser_odometry) CommandEnded: {'returncode': 0}
[4.885351] (rf2o_laser_odometry) JobProgress: {'identifier': 'rf2o_laser_odometry', 'progress': 'install'}
[4.885877] (ldlidar_ros2) StdoutLine: {'line': b'[100%] Built target ldlidar_ros2_node\n'}
[4.930773] (rf2o_laser_odometry) Command: {'cmd': ['/usr/bin/cmake', '--install', '/home/pi/ros2_ws/build/rf2o_laser_odometry'], 'cwd': '/home/pi/ros2_ws/build/rf2o_laser_odometry', 'env': OrderedDict([('LESSOPEN', '| /usr/bin/lesspipe %s'), ('USER', 'pi'), ('SSH_CLIENT', '192.168.1.67 63544 6767'), ('XDG_SESSION_TYPE', 'tty'), ('GIT_ASKPASS', '/home/pi/.vscode-server/cli/servers/Stable-6928394f91b684055b873eecb8bc281365131f1c/server/extensions/git/dist/askpass.sh'), ('SHLVL', '1'), ('LD_LIBRARY_PATH', '/opt/ros/humble/opt/rviz_ogre_vendor/lib:/home/pi/yahboomcar_ws/install/openslam_gmapping/lib:/opt/ros/humble/lib/aarch64-linux-gnu:/opt/ros/humble/lib'), ('BROWSER', '/home/pi/.vscode-server/cli/servers/Stable-6928394f91b684055b873eecb8bc281365131f1c/server/bin/helpers/browser.sh'), ('MOTD_SHOWN', 'pam'), ('HOME', '/home/pi'), ('OLDPWD', '/home/pi/ros2_ws/src'), ('TERM_PROGRAM_VERSION', '1.124.2'), ('VSCODE_IPC_HOOK_CLI', '/run/user/1000/vscode-ipc-a6270857-dd1e-4d15-9c6c-6c98ace99e62.sock'), ('ROS_PYTHON_VERSION', '3'), ('VSCODE_GIT_ASKPASS_MAIN', '/home/pi/.vscode-server/cli/servers/Stable-6928394f91b684055b873eecb8bc281365131f1c/server/extensions/git/dist/askpass-main.js'), ('VSCODE_GIT_ASKPASS_NODE', '/home/pi/.vscode-server/cli/servers/Stable-6928394f91b684055b873eecb8bc281365131f1c/server/node'), ('VSCODE_PYTHON_AUTOACTIVATE_GUARD', '1'), ('DBUS_SESSION_BUS_ADDRESS', 'unix:path=/run/user/1000/bus'), ('COLORTERM', 'truecolor'), ('COLCON_PREFIX_PATH', '/home/pi/ros2_ws/install:/home/pi/yahboomcar_ws/install'), ('ROS_DISTRO', 'humble'), ('LOGNAME', 'pi'), ('_', '/usr/bin/colcon'), ('ROS_VERSION', '2'), ('CLAUDE_CODE_SSE_PORT', '65012'), ('XDG_SESSION_CLASS', 'user'), ('TERM', 'xterm-256color'), ('XDG_SESSION_ID', '1'), ('ROS_LOCALHOST_ONLY', '0'), ('PATH', '/home/pi/.vscode-server/data/User/globalStorage/github.copilot-chat/debugCommand:/home/pi/.vscode-server/data/User/globalStorage/github.copilot-chat/copilotCli:/home/pi/.vscode-server/cli/servers/Stable-6928394f91b684055b873eecb8bc281365131f1c/server/bin/remote-cli:/opt/ros/humble/bin:/usr/local/sbin:/usr/local/bin:/usr/sbin:/usr/bin:/sbin:/bin:/usr/games:/usr/local/games:/snap/bin'), ('XDG_RUNTIME_DIR', '/run/user/1000'), ('LANG', 'en_US.UTF-8'), ('LS_COLORS', 'rs=0:di=01;34:ln=01;36:mh=00:pi=40;33:so=01;35:do=01;35:bd=40;33;01:cd=40;33;01:or=40;31;01:mi=00:su=37;41:sg=30;43:ca=30;41:tw=30;42:ow=34;42:st=37;44:ex=01;32:*.tar=01;31:*.tgz=01;31:*.arc=01;31:*.arj=01;31:*.taz=01;31:*.lha=01;31:*.lz4=01;31:*.lzh=01;31:*.lzma=01;31:*.tlz=01;31:*.txz=01;31:*.tzo=01;31:*.t7z=01;31:*.zip=01;31:*.z=01;31:*.dz=01;31:*.gz=01;31:*.lrz=01;31:*.lz=01;31:*.lzo=01;31:*.xz=01;31:*.zst=01;31:*.tzst=01;31:*.bz2=01;31:*.bz=01;31:*.tbz=01;31:*.tbz2=01;31:*.tz=01;31:*.deb=01;31:*.rpm=01;31:*.jar=01;31:*.war=01;31:*.ear=01;31:*.sar=01;31:*.rar=01;31:*.alz=01;31:*.ace=01;31:*.zoo=01;31:*.cpio=01;31:*.7z=01;31:*.rz=01;31:*.cab=01;31:*.wim=01;31:*.swm=01;31:*.dwm=01;31:*.esd=01;31:*.jpg=01;35:*.jpeg=01;35:*.mjpg=01;35:*.mjpeg=01;35:*.gif=01;35:*.bmp=01;35:*.pbm=01;35:*.pgm=01;35:*.ppm=01;35:*.tga=01;35:*.xbm=01;35:*.xpm=01;35:*.tif=01;35:*.tiff=01;35:*.png=01;35:*.svg=01;35:*.svgz=01;35:*.mng=01;35:*.pcx=01;35:*.mov=01;35:*.mpg=01;35:*.mpeg=01;35:*.m2v=01;35:*.mkv=01;35:*.webm=01;35:*.webp=01;35:*.ogm=01;35:*.mp4=01;35:*.m4v=01;35:*.mp4v=01;35:*.vob=01;35:*.qt=01;35:*.nuv=01;35:*.wmv=01;35:*.asf=01;35:*.rm=01;35:*.rmvb=01;35:*.flc=01;35:*.avi=01;35:*.fli=01;35:*.flv=01;35:*.gl=01;35:*.dl=01;35:*.xcf=01;35:*.xwd=01;35:*.yuv=01;35:*.cgm=01;35:*.emf=01;35:*.ogv=01;35:*.ogx=01;35:*.aac=00;36:*.au=00;36:*.flac=00;36:*.m4a=00;36:*.mid=00;36:*.midi=00;36:*.mka=00;36:*.mp3=00;36:*.mpc=00;36:*.ogg=00;36:*.ra=00;36:*.wav=00;36:*.oga=00;36:*.opus=00;36:*.spx=00;36:*.xspf=00;36:'), ('VSCODE_GIT_IPC_HANDLE', '/run/user/1000/vscode-git-c356ab9cf8.sock'), ('TERM_PROGRAM', 'vscode'), ('AMENT_PREFIX_PATH', '/home/pi/ros2_ws/install/lidar_slam_bringup:/home/pi/ros2_ws/install/rf2o_laser_odometry:/home/pi/ros2_ws/install/ldlidar_ros2:/home/pi/yahboomcar_ws/install/ydlidar_ros2_driver:/home/pi/yahboomcar_ws/install/slam_gmapping:/home/pi/yahboomcar_ws/install/rf2o_laser_odometry:/home/pi/yahboomcar_ws/install/openslam_gmapping:/opt/ros/humble'), ('SHELL', '/bin/bash'), ('LESSCLOSE', '/usr/bin/lesspipe %s %s'), ('VSCODE_GIT_ASKPASS_EXTRA_ARGS', ''), ('PWD', '/home/pi/ros2_ws/build/rf2o_laser_odometry'), ('LC_ALL', 'en_US.UTF-8'), ('COPILOT_DEBUG_NONCE', 'a00f81319b19cf8ad0b4a1ceff71c524'), ('SSH_CONNECTION', '192.168.1.67 63544 192.168.1.167 6767'), ('XDG_DATA_DIRS', '/usr/local/share:/usr/share:/var/lib/snapd/desktop'), ('PYTHONPATH', '/home/pi/ros2_ws/build/lidar_slam_bringup:/home/pi/ros2_ws/install/lidar_slam_bringup/lib/python3.10/site-packages:/opt/ros/humble/lib/python3.10/site-packages:/opt/ros/humble/local/lib/python3.10/dist-packages'), ('COLCON', '1'), ('CMAKE_PREFIX_PATH', '/home/pi/ros2_ws/install/rf2o_laser_odometry:/home/pi/ros2_ws/install/ldlidar_ros2:/home/pi/yahboomcar_ws/install/ydlidar_ros2_driver:/home/pi/yahboomcar_ws/install/slam_gmapping:/home/pi/yahboomcar_ws/install/rf2o_laser_odometry:/home/pi/yahboomcar_ws/install/openslam_gmapping:/home/pi/ros2_ws/install/lidar_slam_bringup:/opt/ros/humble')]), 'shell': False}
[4.933517] (ldlidar_sl_ros2) StdoutLine: {'line': b'-- Using all available rosidl_typesupport_cpp: rosidl_typesupport_fastrtps_cpp;rosidl_typesupport_introspection_cpp\n'}
[4.934424] (-) TimerEvent: {}
[4.935799] (ydlidar_ros2_driver) StdoutLine: {'line': b'-- Using all available rosidl_typesupport_c: rosidl_typesupport_fastrtps_c;rosidl_typesupport_introspection_c\n'}
[4.966232] (ldlidar_ros2) CommandEnded: {'returncode': 0}
[4.967932] (ldlidar_ros2) JobProgress: {'identifier': 'ldlidar_ros2', 'progress': 'install'}
[4.968125] (ldlidar_ros2) Command: {'cmd': ['/usr/bin/cmake', '--install', '/home/pi/ros2_ws/build/ldlidar_ros2'], 'cwd': '/home/pi/ros2_ws/build/ldlidar_ros2', 'env': OrderedDict([('LESSOPEN', '| /usr/bin/lesspipe %s'), ('USER', 'pi'), ('SSH_CLIENT', '192.168.1.67 63544 6767'), ('XDG_SESSION_TYPE', 'tty'), ('GIT_ASKPASS', '/home/pi/.vscode-server/cli/servers/Stable-6928394f91b684055b873eecb8bc281365131f1c/server/extensions/git/dist/askpass.sh'), ('SHLVL', '1'), ('LD_LIBRARY_PATH', '/opt/ros/humble/opt/rviz_ogre_vendor/lib:/home/pi/yahboomcar_ws/install/openslam_gmapping/lib:/opt/ros/humble/lib/aarch64-linux-gnu:/opt/ros/humble/lib'), ('BROWSER', '/home/pi/.vscode-server/cli/servers/Stable-6928394f91b684055b873eecb8bc281365131f1c/server/bin/helpers/browser.sh'), ('MOTD_SHOWN', 'pam'), ('HOME', '/home/pi'), ('OLDPWD', '/home/pi/ros2_ws/src'), ('TERM_PROGRAM_VERSION', '1.124.2'), ('VSCODE_IPC_HOOK_CLI', '/run/user/1000/vscode-ipc-a6270857-dd1e-4d15-9c6c-6c98ace99e62.sock'), ('ROS_PYTHON_VERSION', '3'), ('VSCODE_GIT_ASKPASS_MAIN', '/home/pi/.vscode-server/cli/servers/Stable-6928394f91b684055b873eecb8bc281365131f1c/server/extensions/git/dist/askpass-main.js'), ('VSCODE_GIT_ASKPASS_NODE', '/home/pi/.vscode-server/cli/servers/Stable-6928394f91b684055b873eecb8bc281365131f1c/server/node'), ('VSCODE_PYTHON_AUTOACTIVATE_GUARD', '1'), ('DBUS_SESSION_BUS_ADDRESS', 'unix:path=/run/user/1000/bus'), ('COLORTERM', 'truecolor'), ('COLCON_PREFIX_PATH', '/home/pi/ros2_ws/install:/home/pi/yahboomcar_ws/install'), ('ROS_DISTRO', 'humble'), ('LOGNAME', 'pi'), ('_', '/usr/bin/colcon'), ('ROS_VERSION', '2'), ('CLAUDE_CODE_SSE_PORT', '65012'), ('XDG_SESSION_CLASS', 'user'), ('TERM', 'xterm-256color'), ('XDG_SESSION_ID', '1'), ('ROS_LOCALHOST_ONLY', '0'), ('PATH', '/home/pi/.vscode-server/data/User/globalStorage/github.copilot-chat/debugCommand:/home/pi/.vscode-server/data/User/globalStorage/github.copilot-chat/copilotCli:/home/pi/.vscode-server/cli/servers/Stable-6928394f91b684055b873eecb8bc281365131f1c/server/bin/remote-cli:/opt/ros/humble/bin:/usr/local/sbin:/usr/local/bin:/usr/sbin:/usr/bin:/sbin:/bin:/usr/games:/usr/local/games:/snap/bin'), ('XDG_RUNTIME_DIR', '/run/user/1000'), ('LANG', 'en_US.UTF-8'), ('LS_COLORS', 'rs=0:di=01;34:ln=01;36:mh=00:pi=40;33:so=01;35:do=01;35:bd=40;33;01:cd=40;33;01:or=40;31;01:mi=00:su=37;41:sg=30;43:ca=30;41:tw=30;42:ow=34;42:st=37;44:ex=01;32:*.tar=01;31:*.tgz=01;31:*.arc=01;31:*.arj=01;31:*.taz=01;31:*.lha=01;31:*.lz4=01;31:*.lzh=01;31:*.lzma=01;31:*.tlz=01;31:*.txz=01;31:*.tzo=01;31:*.t7z=01;31:*.zip=01;31:*.z=01;31:*.dz=01;31:*.gz=01;31:*.lrz=01;31:*.lz=01;31:*.lzo=01;31:*.xz=01;31:*.zst=01;31:*.tzst=01;31:*.bz2=01;31:*.bz=01;31:*.tbz=01;31:*.tbz2=01;31:*.tz=01;31:*.deb=01;31:*.rpm=01;31:*.jar=01;31:*.war=01;31:*.ear=01;31:*.sar=01;31:*.rar=01;31:*.alz=01;31:*.ace=01;31:*.zoo=01;31:*.cpio=01;31:*.7z=01;31:*.rz=01;31:*.cab=01;31:*.wim=01;31:*.swm=01;31:*.dwm=01;31:*.esd=01;31:*.jpg=01;35:*.jpeg=01;35:*.mjpg=01;35:*.mjpeg=01;35:*.gif=01;35:*.bmp=01;35:*.pbm=01;35:*.pgm=01;35:*.ppm=01;35:*.tga=01;35:*.xbm=01;35:*.xpm=01;35:*.tif=01;35:*.tiff=01;35:*.png=01;35:*.svg=01;35:*.svgz=01;35:*.mng=01;35:*.pcx=01;35:*.mov=01;35:*.mpg=01;35:*.mpeg=01;35:*.m2v=01;35:*.mkv=01;35:*.webm=01;35:*.webp=01;35:*.ogm=01;35:*.mp4=01;35:*.m4v=01;35:*.mp4v=01;35:*.vob=01;35:*.qt=01;35:*.nuv=01;35:*.wmv=01;35:*.asf=01;35:*.rm=01;35:*.rmvb=01;35:*.flc=01;35:*.avi=01;35:*.fli=01;35:*.flv=01;35:*.gl=01;35:*.dl=01;35:*.xcf=01;35:*.xwd=01;35:*.yuv=01;35:*.cgm=01;35:*.emf=01;35:*.ogv=01;35:*.ogx=01;35:*.aac=00;36:*.au=00;36:*.flac=00;36:*.m4a=00;36:*.mid=00;36:*.midi=00;36:*.mka=00;36:*.mp3=00;36:*.mpc=00;36:*.ogg=00;36:*.ra=00;36:*.wav=00;36:*.oga=00;36:*.opus=00;36:*.spx=00;36:*.xspf=00;36:'), ('VSCODE_GIT_IPC_HANDLE', '/run/user/1000/vscode-git-c356ab9cf8.sock'), ('TERM_PROGRAM', 'vscode'), ('AMENT_PREFIX_PATH', '/home/pi/ros2_ws/install/lidar_slam_bringup:/home/pi/ros2_ws/install/rf2o_laser_odometry:/home/pi/ros2_ws/install/ldlidar_ros2:/home/pi/yahboomcar_ws/install/ydlidar_ros2_driver:/home/pi/yahboomcar_ws/install/slam_gmapping:/home/pi/yahboomcar_ws/install/rf2o_laser_odometry:/home/pi/yahboomcar_ws/install/openslam_gmapping:/opt/ros/humble'), ('SHELL', '/bin/bash'), ('LESSCLOSE', '/usr/bin/lesspipe %s %s'), ('VSCODE_GIT_ASKPASS_EXTRA_ARGS', ''), ('PWD', '/home/pi/ros2_ws/build/ldlidar_ros2'), ('LC_ALL', 'en_US.UTF-8'), ('COPILOT_DEBUG_NONCE', 'a00f81319b19cf8ad0b4a1ceff71c524'), ('SSH_CONNECTION', '192.168.1.67 63544 192.168.1.167 6767'), ('XDG_DATA_DIRS', '/usr/local/share:/usr/share:/var/lib/snapd/desktop'), ('PYTHONPATH', '/home/pi/ros2_ws/build/lidar_slam_bringup:/home/pi/ros2_ws/install/lidar_slam_bringup/lib/python3.10/site-packages:/opt/ros/humble/lib/python3.10/site-packages:/opt/ros/humble/local/lib/python3.10/dist-packages'), ('COLCON', '1'), ('CMAKE_PREFIX_PATH', '/home/pi/ros2_ws/install/rf2o_laser_odometry:/home/pi/ros2_ws/install/ldlidar_ros2:/home/pi/yahboomcar_ws/install/ydlidar_ros2_driver:/home/pi/yahboomcar_ws/install/slam_gmapping:/home/pi/yahboomcar_ws/install/rf2o_laser_odometry:/home/pi/yahboomcar_ws/install/openslam_gmapping:/home/pi/ros2_ws/install/lidar_slam_bringup:/opt/ros/humble')]), 'shell': False}
[4.970429] (rf2o_laser_odometry) StdoutLine: {'line': b'-- Install configuration: ""\n'}
[4.972420] (rf2o_laser_odometry) StdoutLine: {'line': b'-- Execute custom install script\n'}
[4.974122] (rf2o_laser_odometry) StdoutLine: {'line': b'-- Up-to-date symlink: /home/pi/ros2_ws/install/rf2o_laser_odometry/lib/rf2o_laser_odometry/rf2o_laser_odometry_node\n'}
[4.975924] (rf2o_laser_odometry) StdoutLine: {'line': b'-- Up-to-date symlink: /home/pi/ros2_ws/install/rf2o_laser_odometry/share/rf2o_laser_odometry/launch/rf2o_laser_odometry.launch.py\n'}
[4.977713] (rf2o_laser_odometry) StdoutLine: {'line': b'-- Up-to-date symlink: /home/pi/ros2_ws/install/rf2o_laser_odometry/share/ament_index/resource_index/package_run_dependencies/rf2o_laser_odometry\n'}
[4.980484] (rf2o_laser_odometry) StdoutLine: {'line': b'-- Up-to-date symlink: /home/pi/ros2_ws/install/rf2o_laser_odometry/share/ament_index/resource_index/parent_prefix_path/rf2o_laser_odometry\n'}
[4.984938] (rf2o_laser_odometry) StdoutLine: {'line': b'-- Up-to-date symlink: /home/pi/ros2_ws/install/rf2o_laser_odometry/share/rf2o_laser_odometry/environment/ament_prefix_path.sh\n'}
[4.990449] (rf2o_laser_odometry) StdoutLine: {'line': b'-- Up-to-date symlink: /home/pi/ros2_ws/install/rf2o_laser_odometry/share/rf2o_laser_odometry/environment/ament_prefix_path.dsv\n'}
[4.992070] (rf2o_laser_odometry) StdoutLine: {'line': b'-- Up-to-date symlink: /home/pi/ros2_ws/install/rf2o_laser_odometry/share/rf2o_laser_odometry/environment/path.sh\n'}
[4.993879] (rf2o_laser_odometry) StdoutLine: {'line': b'-- Up-to-date symlink: /home/pi/ros2_ws/install/rf2o_laser_odometry/share/rf2o_laser_odometry/environment/path.dsv\n'}
[4.999387] (rf2o_laser_odometry) StdoutLine: {'line': b'-- Up-to-date symlink: /home/pi/ros2_ws/install/rf2o_laser_odometry/share/rf2o_laser_odometry/local_setup.bash\n'}
[5.001132] (rf2o_laser_odometry) StdoutLine: {'line': b'-- Up-to-date symlink: /home/pi/ros2_ws/install/rf2o_laser_odometry/share/rf2o_laser_odometry/local_setup.sh\n'}
[5.003105] (rf2o_laser_odometry) StdoutLine: {'line': b'-- Up-to-date symlink: /home/pi/ros2_ws/install/rf2o_laser_odometry/share/rf2o_laser_odometry/local_setup.zsh\n'}
[5.006726] (rf2o_laser_odometry) StdoutLine: {'line': b'-- Up-to-date symlink: /home/pi/ros2_ws/install/rf2o_laser_odometry/share/rf2o_laser_odometry/local_setup.dsv\n'}
[5.008865] (rf2o_laser_odometry) StdoutLine: {'line': b'-- Symlinking: /home/pi/ros2_ws/install/rf2o_laser_odometry/share/rf2o_laser_odometry/package.dsv\n'}
[5.028179] (rf2o_laser_odometry) StdoutLine: {'line': b'-- Up-to-date symlink: /home/pi/ros2_ws/install/rf2o_laser_odometry/share/ament_index/resource_index/packages/rf2o_laser_odometry\n'}
[5.029325] (rf2o_laser_odometry) StdoutLine: {'line': b'-- Up-to-date symlink: /home/pi/ros2_ws/install/rf2o_laser_odometry/share/rf2o_laser_odometry/cmake/rf2o_laser_odometryConfig.cmake\n'}
[5.030561] (rf2o_laser_odometry) StdoutLine: {'line': b'-- Up-to-date symlink: /home/pi/ros2_ws/install/rf2o_laser_odometry/share/rf2o_laser_odometry/cmake/rf2o_laser_odometryConfig-version.cmake\n'}
[5.031787] (rf2o_laser_odometry) StdoutLine: {'line': b'-- Up-to-date symlink: /home/pi/ros2_ws/install/rf2o_laser_odometry/share/rf2o_laser_odometry/package.xml\n'}
[5.034671] (-) TimerEvent: {}
[5.038520] (rf2o_laser_odometry) CommandEnded: {'returncode': 0}
[5.045008] (ldlidar_ros2) StdoutLine: {'line': b'-- Install configuration: ""\n'}
[5.048310] (ldlidar_ros2) StdoutLine: {'line': b'-- Execute custom install script\n'}
[5.051610] (ldlidar_ros2) StdoutLine: {'line': b'-- Up-to-date symlink: /home/pi/ros2_ws/install/ldlidar_ros2/lib/ldlidar_ros2/ldlidar_ros2_node\n'}
[5.054932] (ldlidar_ros2) StdoutLine: {'line': b'-- Up-to-date symlink: /home/pi/ros2_ws/install/ldlidar_ros2/share/ldlidar_ros2//launch/ld06.launch.py\n'}
[5.056977] (ldlidar_ros2) StdoutLine: {'line': b'-- Up-to-date symlink: /home/pi/ros2_ws/install/ldlidar_ros2/share/ldlidar_ros2//launch/ld14.launch.py\n'}
[5.059197] (ldlidar_ros2) StdoutLine: {'line': b'-- Up-to-date symlink: /home/pi/ros2_ws/install/ldlidar_ros2/share/ldlidar_ros2//launch/ld14p.launch.py\n'}
[5.062287] (ldlidar_ros2) StdoutLine: {'line': b'-- Up-to-date symlink: /home/pi/ros2_ws/install/ldlidar_ros2/share/ldlidar_ros2//launch/ld19.launch.py\n'}
[5.062963] (ldlidar_ros2) StdoutLine: {'line': b'-- Up-to-date symlink: /home/pi/ros2_ws/install/ldlidar_ros2/share/ldlidar_ros2//launch/viewer_ld06.launch.py\n'}
[5.064523] (ldlidar_ros2) StdoutLine: {'line': b'-- Up-to-date symlink: /home/pi/ros2_ws/install/ldlidar_ros2/share/ldlidar_ros2//launch/viewer_ld14.launch.py\n'}
[5.065909] (ldlidar_ros2) StdoutLine: {'line': b'-- Up-to-date symlink: /home/pi/ros2_ws/install/ldlidar_ros2/share/ldlidar_ros2//launch/viewer_ld14p.launch.py\n'}
[5.067351] (ldlidar_ros2) StdoutLine: {'line': b'-- Up-to-date symlink: /home/pi/ros2_ws/install/ldlidar_ros2/share/ldlidar_ros2//launch/viewer_ld19.launch.py\n'}
[5.069425] (ldlidar_ros2) StdoutLine: {'line': b'-- Up-to-date symlink: /home/pi/ros2_ws/install/ldlidar_ros2/share/ldlidar_ros2//rviz2/ldlidar.rviz\n'}
[5.071849] (ldlidar_ros2) StdoutLine: {'line': b'-- Up-to-date symlink: /home/pi/ros2_ws/install/ldlidar_ros2/share/ldlidar_ros2//scripts/create_udev_rules.sh\n'}
[5.073117] (ldlidar_ros2) StdoutLine: {'line': b'-- Up-to-date symlink: /home/pi/ros2_ws/install/ldlidar_ros2/share/ldlidar_ros2//scripts/delete_udev_rules.sh\n'}
[5.075594] (ldlidar_ros2) StdoutLine: {'line': b'-- Up-to-date symlink: /home/pi/ros2_ws/install/ldlidar_ros2/share/ldlidar_ros2//scripts/ldlidar.rules\n'}
[5.078400] (ldlidar_ros2) StdoutLine: {'line': b'-- Up-to-date symlink: /home/pi/ros2_ws/install/ldlidar_ros2/share/ament_index/resource_index/package_run_dependencies/ldlidar_ros2\n'}
[5.079129] (ldlidar_ros2) StdoutLine: {'line': b'-- Up-to-date symlink: /home/pi/ros2_ws/install/ldlidar_ros2/share/ament_index/resource_index/parent_prefix_path/ldlidar_ros2\n'}
[5.081247] (ldlidar_ros2) StdoutLine: {'line': b'-- Up-to-date symlink: /home/pi/ros2_ws/install/ldlidar_ros2/share/ldlidar_ros2/environment/ament_prefix_path.sh\n'}
[5.083580] (ldlidar_ros2) StdoutLine: {'line': b'-- Up-to-date symlink: /home/pi/ros2_ws/install/ldlidar_ros2/share/ldlidar_ros2/environment/ament_prefix_path.dsv\n'}
[5.086084] (ldlidar_ros2) StdoutLine: {'line': b'-- Up-to-date symlink: /home/pi/ros2_ws/install/ldlidar_ros2/share/ldlidar_ros2/environment/path.sh\n'}
[5.089384] (ydlidar_ros2_driver) StdoutLine: {'line': b'-- Using all available rosidl_typesupport_cpp: rosidl_typesupport_fastrtps_cpp;rosidl_typesupport_introspection_cpp\n'}
[5.091766] (ldlidar_ros2) StdoutLine: {'line': b'-- Up-to-date symlink: /home/pi/ros2_ws/install/ldlidar_ros2/share/ldlidar_ros2/environment/path.dsv\n'}
[5.093734] (ldlidar_ros2) StdoutLine: {'line': b'-- Up-to-date symlink: /home/pi/ros2_ws/install/ldlidar_ros2/share/ldlidar_ros2/local_setup.bash\n'}
[5.096895] (ldlidar_ros2) StdoutLine: {'line': b'-- Up-to-date symlink: /home/pi/ros2_ws/install/ldlidar_ros2/share/ldlidar_ros2/local_setup.sh\n'}
[5.099968] (ldlidar_ros2) StdoutLine: {'line': b'-- Up-to-date symlink: /home/pi/ros2_ws/install/ldlidar_ros2/share/ldlidar_ros2/local_setup.zsh\n'}
[5.100873] (ldlidar_ros2) StdoutLine: {'line': b'-- Up-to-date symlink: /home/pi/ros2_ws/install/ldlidar_ros2/share/ldlidar_ros2/local_setup.dsv\n'}
[5.103286] (ldlidar_ros2) StdoutLine: {'line': b'-- Symlinking: /home/pi/ros2_ws/install/ldlidar_ros2/share/ldlidar_ros2/package.dsv\n'}
[5.134835] (-) TimerEvent: {}
[5.144541] (ldlidar_ros2) StdoutLine: {'line': b'-- Up-to-date symlink: /home/pi/ros2_ws/install/ldlidar_ros2/share/ament_index/resource_index/packages/ldlidar_ros2\n'}
[5.146755] (ldlidar_ros2) StdoutLine: {'line': b'-- Up-to-date symlink: /home/pi/ros2_ws/install/ldlidar_ros2/share/ldlidar_ros2/cmake/ldlidar_ros2Config.cmake\n'}
[5.147848] (ldlidar_ros2) StdoutLine: {'line': b'-- Up-to-date symlink: /home/pi/ros2_ws/install/ldlidar_ros2/share/ldlidar_ros2/cmake/ldlidar_ros2Config-version.cmake\n'}
[5.150811] (ldlidar_ros2) StdoutLine: {'line': b'-- Up-to-date symlink: /home/pi/ros2_ws/install/ldlidar_ros2/share/ldlidar_ros2/package.xml\n'}
[5.181154] (rf2o_laser_odometry) JobEnded: {'identifier': 'rf2o_laser_odometry', 'rc': 0}
[5.185052] (ldlidar_ros2) CommandEnded: {'returncode': 0}
[5.235692] (-) TimerEvent: {}
[5.267653] (ldlidar_ros2) JobEnded: {'identifier': 'ldlidar_ros2', 'rc': 0}
[5.271604] (lidar_slam_bringup) JobStarted: {'identifier': 'lidar_slam_bringup'}
[5.335894] (-) TimerEvent: {}
[5.357128] (ldlidar_sl_ros2) StdoutLine: {'line': b'-- Found rmw_implementation_cmake: 6.1.2 (/opt/ros/humble/share/rmw_implementation_cmake/cmake)\n'}
[5.389697] (ldlidar_sl_ros2) StdoutLine: {'line': b'-- Found rmw_fastrtps_cpp: 6.2.10 (/opt/ros/humble/share/rmw_fastrtps_cpp/cmake)\n'}
[5.436123] (-) TimerEvent: {}
[5.497382] (ydlidar_ros2_driver) StdoutLine: {'line': b'-- Found rmw_implementation_cmake: 6.1.2 (/opt/ros/humble/share/rmw_implementation_cmake/cmake)\n'}
[5.531572] (ydlidar_ros2_driver) StdoutLine: {'line': b'-- Found rmw_fastrtps_cpp: 6.2.10 (/opt/ros/humble/share/rmw_fastrtps_cpp/cmake)\n'}
[5.536305] (-) TimerEvent: {}
[5.637141] (-) TimerEvent: {}
[5.738309] (-) TimerEvent: {}
[5.839174] (-) TimerEvent: {}
[5.940193] (-) TimerEvent: {}
[5.985093] (ldlidar_sl_ros2) StdoutLine: {'line': b'-- Found OpenSSL: /usr/lib/aarch64-linux-gnu/libcrypto.so (found version "3.0.2")  \n'}
[6.040368] (-) TimerEvent: {}
[6.141987] (-) TimerEvent: {}
[6.143741] (ydlidar_ros2_driver) StdoutLine: {'line': b'-- Found OpenSSL: /usr/lib/aarch64-linux-gnu/libcrypto.so (found version "3.0.2")  \n'}
[6.175407] (ldlidar_sl_ros2) StdoutLine: {'line': b'-- Found FastRTPS: /opt/ros/humble/include  \n'}
[6.242261] (-) TimerEvent: {}
[6.327321] (ydlidar_ros2_driver) StdoutLine: {'line': b'-- Found FastRTPS: /opt/ros/humble/include  \n'}
[6.342378] (-) TimerEvent: {}
[6.443833] (-) TimerEvent: {}
[6.488041] (ldlidar_sl_ros2) StdoutLine: {'line': b"-- Using RMW implementation 'rmw_fastrtps_cpp' as default\n"}
[6.544162] (-) TimerEvent: {}
[6.595628] (ldlidar_sl_ros2) StdoutLine: {'line': b'-- Looking for pthread.h\n'}
[6.644416] (-) TimerEvent: {}
[6.652989] (ydlidar_ros2_driver) StdoutLine: {'line': b"-- Using RMW implementation 'rmw_fastrtps_cpp' as default\n"}
[6.744599] (-) TimerEvent: {}
[6.755718] (ydlidar_ros2_driver) StdoutLine: {'line': b'-- Looking for pthread.h\n'}
[6.844762] (-) TimerEvent: {}
[6.946440] (-) TimerEvent: {}
[7.014887] (ldlidar_sl_ros2) StdoutLine: {'line': b'-- Looking for pthread.h - found\n'}
[7.021438] (ldlidar_sl_ros2) StdoutLine: {'line': b'-- Performing Test CMAKE_HAVE_LIBC_PTHREAD\n'}
[7.046720] (-) TimerEvent: {}
[7.148298] (-) TimerEvent: {}
[7.174047] (ydlidar_ros2_driver) StdoutLine: {'line': b'-- Looking for pthread.h - found\n'}
[7.178438] (ydlidar_ros2_driver) StdoutLine: {'line': b'-- Performing Test CMAKE_HAVE_LIBC_PTHREAD\n'}
[7.248522] (-) TimerEvent: {}
[7.350044] (-) TimerEvent: {}
[7.445842] (ldlidar_sl_ros2) StdoutLine: {'line': b'-- Performing Test CMAKE_HAVE_LIBC_PTHREAD - Success\n'}
[7.450314] (-) TimerEvent: {}
[7.452556] (ldlidar_sl_ros2) StdoutLine: {'line': b'-- Found Threads: TRUE  \n'}
[7.550511] (-) TimerEvent: {}
[7.594332] (ydlidar_ros2_driver) StdoutLine: {'line': b'-- Performing Test CMAKE_HAVE_LIBC_PTHREAD - Success\n'}
[7.600229] (ydlidar_ros2_driver) StdoutLine: {'line': b'-- Found Threads: TRUE  \n'}
[7.650663] (-) TimerEvent: {}
[7.751510] (-) TimerEvent: {}
[7.806672] (ldlidar_sl_ros2) StdoutLine: {'line': b'-- Found sensor_msgs: 4.9.1 (/opt/ros/humble/share/sensor_msgs/cmake)\n'}
[7.851705] (-) TimerEvent: {}
[7.935265] (ydlidar_ros2_driver) StdoutLine: {'line': b'-- Found sensor_msgs: 4.9.1 (/opt/ros/humble/share/sensor_msgs/cmake)\n'}
[7.951886] (-) TimerEvent: {}
[7.994802] (ldlidar_sl_ros2) StdoutLine: {'line': b'-- Found ament_lint_auto: 0.12.15 (/opt/ros/humble/share/ament_lint_auto/cmake)\n'}
[8.052105] (-) TimerEvent: {}
[8.134398] (ydlidar_ros2_driver) StdoutLine: {'line': b'-- Found visualization_msgs: 4.9.1 (/opt/ros/humble/share/visualization_msgs/cmake)\n'}
[8.152353] (-) TimerEvent: {}
[8.253617] (-) TimerEvent: {}
[8.287520] (ydlidar_ros2_driver) StdoutLine: {'line': b'-- Found std_srvs: 4.9.1 (/opt/ros/humble/share/std_srvs/cmake)\n'}
[8.353844] (-) TimerEvent: {}
[8.439524] (ydlidar_ros2_driver) StdoutLine: {'line': b'-- Found ament_lint_auto: 0.12.15 (/opt/ros/humble/share/ament_lint_auto/cmake)\n'}
[8.454224] (-) TimerEvent: {}
[8.556526] (-) TimerEvent: {}
[8.646336] (ldlidar_sl_ros2) StdoutLine: {'line': b"-- Added test 'copyright' to check source files copyright and LICENSE\n"}
[8.656749] (-) TimerEvent: {}
[8.711308] (ldlidar_sl_ros2) StdoutLine: {'line': b"-- Added test 'cppcheck' to perform static code analysis on C / C++ code\n"}
[8.713372] (ldlidar_sl_ros2) StdoutLine: {'line': b'-- Configured cppcheck include dirs: /home/pi/ros2_ws/src/ldlidar_sl_ros2/include;/home/pi/ros2_ws/src/ldlidar_sl_ros2/ldlidar_driver/include\n'}
[8.715176] (ldlidar_sl_ros2) StdoutLine: {'line': b'-- Configured cppcheck exclude dirs and/or files: \n'}
[8.757005] (-) TimerEvent: {}
[8.766469] (lidar_slam_bringup) Command: {'cmd': ['/usr/bin/python3', '-W', 'ignore:setup.py install is deprecated', '-W', 'ignore:easy_install command is deprecated', 'setup.py', 'develop', '--uninstall', '--editable', '--build-directory', '/home/pi/ros2_ws/build/lidar_slam_bringup/build'], 'cwd': '/home/pi/ros2_ws/build/lidar_slam_bringup', 'env': {'LESSOPEN': '| /usr/bin/lesspipe %s', 'USER': 'pi', 'SSH_CLIENT': '192.168.1.67 63544 6767', 'XDG_SESSION_TYPE': 'tty', 'GIT_ASKPASS': '/home/pi/.vscode-server/cli/servers/Stable-6928394f91b684055b873eecb8bc281365131f1c/server/extensions/git/dist/askpass.sh', 'SHLVL': '1', 'LD_LIBRARY_PATH': '/opt/ros/humble/opt/rviz_ogre_vendor/lib:/home/pi/yahboomcar_ws/install/openslam_gmapping/lib:/opt/ros/humble/lib/aarch64-linux-gnu:/opt/ros/humble/lib', 'BROWSER': '/home/pi/.vscode-server/cli/servers/Stable-6928394f91b684055b873eecb8bc281365131f1c/server/bin/helpers/browser.sh', 'MOTD_SHOWN': 'pam', 'HOME': '/home/pi', 'OLDPWD': '/home/pi/ros2_ws/src', 'TERM_PROGRAM_VERSION': '1.124.2', 'VSCODE_IPC_HOOK_CLI': '/run/user/1000/vscode-ipc-a6270857-dd1e-4d15-9c6c-6c98ace99e62.sock', 'ROS_PYTHON_VERSION': '3', 'VSCODE_GIT_ASKPASS_MAIN': '/home/pi/.vscode-server/cli/servers/Stable-6928394f91b684055b873eecb8bc281365131f1c/server/extensions/git/dist/askpass-main.js', 'VSCODE_GIT_ASKPASS_NODE': '/home/pi/.vscode-server/cli/servers/Stable-6928394f91b684055b873eecb8bc281365131f1c/server/node', 'VSCODE_PYTHON_AUTOACTIVATE_GUARD': '1', 'DBUS_SESSION_BUS_ADDRESS': 'unix:path=/run/user/1000/bus', 'COLORTERM': 'truecolor', 'COLCON_PREFIX_PATH': '/home/pi/ros2_ws/install:/home/pi/yahboomcar_ws/install', 'ROS_DISTRO': 'humble', 'LOGNAME': 'pi', '_': '/usr/bin/colcon', 'ROS_VERSION': '2', 'CLAUDE_CODE_SSE_PORT': '65012', 'XDG_SESSION_CLASS': 'user', 'TERM': 'xterm-256color', 'XDG_SESSION_ID': '1', 'ROS_LOCALHOST_ONLY': '0', 'PATH': '/home/pi/.vscode-server/data/User/globalStorage/github.copilot-chat/debugCommand:/home/pi/.vscode-server/data/User/globalStorage/github.copilot-chat/copilotCli:/home/pi/.vscode-server/cli/servers/Stable-6928394f91b684055b873eecb8bc281365131f1c/server/bin/remote-cli:/opt/ros/humble/bin:/usr/local/sbin:/usr/local/bin:/usr/sbin:/usr/bin:/sbin:/bin:/usr/games:/usr/local/games:/snap/bin', 'XDG_RUNTIME_DIR': '/run/user/1000', 'LANG': 'en_US.UTF-8', 'LS_COLORS': 'rs=0:di=01;34:ln=01;36:mh=00:pi=40;33:so=01;35:do=01;35:bd=40;33;01:cd=40;33;01:or=40;31;01:mi=00:su=37;41:sg=30;43:ca=30;41:tw=30;42:ow=34;42:st=37;44:ex=01;32:*.tar=01;31:*.tgz=01;31:*.arc=01;31:*.arj=01;31:*.taz=01;31:*.lha=01;31:*.lz4=01;31:*.lzh=01;31:*.lzma=01;31:*.tlz=01;31:*.txz=01;31:*.tzo=01;31:*.t7z=01;31:*.zip=01;31:*.z=01;31:*.dz=01;31:*.gz=01;31:*.lrz=01;31:*.lz=01;31:*.lzo=01;31:*.xz=01;31:*.zst=01;31:*.tzst=01;31:*.bz2=01;31:*.bz=01;31:*.tbz=01;31:*.tbz2=01;31:*.tz=01;31:*.deb=01;31:*.rpm=01;31:*.jar=01;31:*.war=01;31:*.ear=01;31:*.sar=01;31:*.rar=01;31:*.alz=01;31:*.ace=01;31:*.zoo=01;31:*.cpio=01;31:*.7z=01;31:*.rz=01;31:*.cab=01;31:*.wim=01;31:*.swm=01;31:*.dwm=01;31:*.esd=01;31:*.jpg=01;35:*.jpeg=01;35:*.mjpg=01;35:*.mjpeg=01;35:*.gif=01;35:*.bmp=01;35:*.pbm=01;35:*.pgm=01;35:*.ppm=01;35:*.tga=01;35:*.xbm=01;35:*.xpm=01;35:*.tif=01;35:*.tiff=01;35:*.png=01;35:*.svg=01;35:*.svgz=01;35:*.mng=01;35:*.pcx=01;35:*.mov=01;35:*.mpg=01;35:*.mpeg=01;35:*.m2v=01;35:*.mkv=01;35:*.webm=01;35:*.webp=01;35:*.ogm=01;35:*.mp4=01;35:*.m4v=01;35:*.mp4v=01;35:*.vob=01;35:*.qt=01;35:*.nuv=01;35:*.wmv=01;35:*.asf=01;35:*.rm=01;35:*.rmvb=01;35:*.flc=01;35:*.avi=01;35:*.fli=01;35:*.flv=01;35:*.gl=01;35:*.dl=01;35:*.xcf=01;35:*.xwd=01;35:*.yuv=01;35:*.cgm=01;35:*.emf=01;35:*.ogv=01;35:*.ogx=01;35:*.aac=00;36:*.au=00;36:*.flac=00;36:*.m4a=00;36:*.mid=00;36:*.midi=00;36:*.mka=00;36:*.mp3=00;36:*.mpc=00;36:*.ogg=00;36:*.ra=00;36:*.wav=00;36:*.oga=00;36:*.opus=00;36:*.spx=00;36:*.xspf=00;36:', 'VSCODE_GIT_IPC_HANDLE': '/run/user/1000/vscode-git-c356ab9cf8.sock', 'TERM_PROGRAM': 'vscode', 'AMENT_PREFIX_PATH': '/home/pi/ros2_ws/install/lidar_slam_bringup:/home/pi/ros2_ws/install/rf2o_laser_odometry:/home/pi/ros2_ws/install/ldlidar_ros2:/home/pi/yahboomcar_ws/install/ydlidar_ros2_driver:/home/pi/yahboomcar_ws/install/slam_gmapping:/home/pi/yahboomcar_ws/install/rf2o_laser_odometry:/home/pi/yahboomcar_ws/install/openslam_gmapping:/opt/ros/humble', 'SHELL': '/bin/bash', 'LESSCLOSE': '/usr/bin/lesspipe %s %s', 'VSCODE_GIT_ASKPASS_EXTRA_ARGS': '', 'PWD': '/home/pi/ros2_ws/build/lidar_slam_bringup', 'LC_ALL': 'en_US.UTF-8', 'COPILOT_DEBUG_NONCE': 'a00f81319b19cf8ad0b4a1ceff71c524', 'SSH_CONNECTION': '192.168.1.67 63544 192.168.1.167 6767', 'XDG_DATA_DIRS': '/usr/local/share:/usr/share:/var/lib/snapd/desktop', 'PYTHONPATH': '/home/pi/ros2_ws/build/lidar_slam_bringup/prefix_override:/usr/lib/python3/dist-packages/colcon_core/task/python/colcon_distutils_commands:/home/pi/ros2_ws/install/lidar_slam_bringup/lib/python3.10/site-packages:/home/pi/ros2_ws/build/lidar_slam_bringup:/home/pi/ros2_ws/install/lidar_slam_bringup/lib/python3.10/site-packages:/opt/ros/humble/lib/python3.10/site-packages:/opt/ros/humble/local/lib/python3.10/dist-packages', 'COLCON': '1', 'CMAKE_PREFIX_PATH': '/home/pi/ros2_ws/install/rf2o_laser_odometry:/home/pi/ros2_ws/install/ldlidar_ros2:/home/pi/yahboomcar_ws/install/ydlidar_ros2_driver:/home/pi/yahboomcar_ws/install/slam_gmapping:/home/pi/yahboomcar_ws/install/rf2o_laser_odometry:/home/pi/yahboomcar_ws/install/openslam_gmapping'}, 'shell': False}
[8.771969] (ldlidar_sl_ros2) StdoutLine: {'line': b"-- Added test 'cpplint' to check C / C++ code against the Google style\n"}
[8.772701] (ldlidar_sl_ros2) StdoutLine: {'line': b'-- Configured cpplint exclude dirs and/or files: \n'}
[8.783015] (ldlidar_sl_ros2) StdoutLine: {'line': b"-- Added test 'flake8' to check Python code syntax and style conventions\n"}
[8.800585] (ldlidar_sl_ros2) StdoutLine: {'line': b"-- Added test 'lint_cmake' to check CMake code style\n"}
[8.812751] (ldlidar_sl_ros2) StdoutLine: {'line': b"-- Added test 'pep257' to check Python code against some of the docstring style conventions in PEP 257\n"}
[8.857226] (-) TimerEvent: {}
[8.871291] (ldlidar_sl_ros2) StdoutLine: {'line': b"-- Added test 'uncrustify' to check C / C++ code style\n"}
[8.871880] (ldlidar_sl_ros2) StdoutLine: {'line': b'-- Configured uncrustify additional arguments: \n'}
[8.880943] (ldlidar_sl_ros2) StdoutLine: {'line': b"-- Added test 'xmllint' to check XML markup files\n"}
[8.891784] (ldlidar_sl_ros2) StdoutLine: {'line': b'-- Configuring done\n'}
[8.957392] (-) TimerEvent: {}
[8.964103] (ldlidar_sl_ros2) StdoutLine: {'line': b'-- Generating done\n'}
[8.985153] (ldlidar_sl_ros2) StdoutLine: {'line': b'-- Build files have been written to: /home/pi/ros2_ws/build/ldlidar_sl_ros2\n'}
[9.021407] (ldlidar_sl_ros2) CommandEnded: {'returncode': 0}
[9.024117] (ldlidar_sl_ros2) JobProgress: {'identifier': 'ldlidar_sl_ros2', 'progress': 'build'}
[9.031439] (ldlidar_sl_ros2) Command: {'cmd': ['/usr/bin/cmake', '--build', '/home/pi/ros2_ws/build/ldlidar_sl_ros2', '--', '-j4', '-l4'], 'cwd': '/home/pi/ros2_ws/build/ldlidar_sl_ros2', 'env': OrderedDict([('LESSOPEN', '| /usr/bin/lesspipe %s'), ('USER', 'pi'), ('SSH_CLIENT', '192.168.1.67 63544 6767'), ('XDG_SESSION_TYPE', 'tty'), ('GIT_ASKPASS', '/home/pi/.vscode-server/cli/servers/Stable-6928394f91b684055b873eecb8bc281365131f1c/server/extensions/git/dist/askpass.sh'), ('SHLVL', '1'), ('LD_LIBRARY_PATH', '/opt/ros/humble/opt/rviz_ogre_vendor/lib:/home/pi/yahboomcar_ws/install/openslam_gmapping/lib:/opt/ros/humble/lib/aarch64-linux-gnu:/opt/ros/humble/lib'), ('BROWSER', '/home/pi/.vscode-server/cli/servers/Stable-6928394f91b684055b873eecb8bc281365131f1c/server/bin/helpers/browser.sh'), ('MOTD_SHOWN', 'pam'), ('HOME', '/home/pi'), ('OLDPWD', '/home/pi/ros2_ws/src'), ('TERM_PROGRAM_VERSION', '1.124.2'), ('VSCODE_IPC_HOOK_CLI', '/run/user/1000/vscode-ipc-a6270857-dd1e-4d15-9c6c-6c98ace99e62.sock'), ('ROS_PYTHON_VERSION', '3'), ('VSCODE_GIT_ASKPASS_MAIN', '/home/pi/.vscode-server/cli/servers/Stable-6928394f91b684055b873eecb8bc281365131f1c/server/extensions/git/dist/askpass-main.js'), ('VSCODE_GIT_ASKPASS_NODE', '/home/pi/.vscode-server/cli/servers/Stable-6928394f91b684055b873eecb8bc281365131f1c/server/node'), ('VSCODE_PYTHON_AUTOACTIVATE_GUARD', '1'), ('DBUS_SESSION_BUS_ADDRESS', 'unix:path=/run/user/1000/bus'), ('COLORTERM', 'truecolor'), ('COLCON_PREFIX_PATH', '/home/pi/ros2_ws/install:/home/pi/yahboomcar_ws/install'), ('ROS_DISTRO', 'humble'), ('LOGNAME', 'pi'), ('_', '/usr/bin/colcon'), ('ROS_VERSION', '2'), ('CLAUDE_CODE_SSE_PORT', '65012'), ('XDG_SESSION_CLASS', 'user'), ('TERM', 'xterm-256color'), ('XDG_SESSION_ID', '1'), ('ROS_LOCALHOST_ONLY', '0'), ('PATH', '/home/pi/.vscode-server/data/User/globalStorage/github.copilot-chat/debugCommand:/home/pi/.vscode-server/data/User/globalStorage/github.copilot-chat/copilotCli:/home/pi/.vscode-server/cli/servers/Stable-6928394f91b684055b873eecb8bc281365131f1c/server/bin/remote-cli:/opt/ros/humble/bin:/usr/local/sbin:/usr/local/bin:/usr/sbin:/usr/bin:/sbin:/bin:/usr/games:/usr/local/games:/snap/bin'), ('XDG_RUNTIME_DIR', '/run/user/1000'), ('LANG', 'en_US.UTF-8'), ('LS_COLORS', 'rs=0:di=01;34:ln=01;36:mh=00:pi=40;33:so=01;35:do=01;35:bd=40;33;01:cd=40;33;01:or=40;31;01:mi=00:su=37;41:sg=30;43:ca=30;41:tw=30;42:ow=34;42:st=37;44:ex=01;32:*.tar=01;31:*.tgz=01;31:*.arc=01;31:*.arj=01;31:*.taz=01;31:*.lha=01;31:*.lz4=01;31:*.lzh=01;31:*.lzma=01;31:*.tlz=01;31:*.txz=01;31:*.tzo=01;31:*.t7z=01;31:*.zip=01;31:*.z=01;31:*.dz=01;31:*.gz=01;31:*.lrz=01;31:*.lz=01;31:*.lzo=01;31:*.xz=01;31:*.zst=01;31:*.tzst=01;31:*.bz2=01;31:*.bz=01;31:*.tbz=01;31:*.tbz2=01;31:*.tz=01;31:*.deb=01;31:*.rpm=01;31:*.jar=01;31:*.war=01;31:*.ear=01;31:*.sar=01;31:*.rar=01;31:*.alz=01;31:*.ace=01;31:*.zoo=01;31:*.cpio=01;31:*.7z=01;31:*.rz=01;31:*.cab=01;31:*.wim=01;31:*.swm=01;31:*.dwm=01;31:*.esd=01;31:*.jpg=01;35:*.jpeg=01;35:*.mjpg=01;35:*.mjpeg=01;35:*.gif=01;35:*.bmp=01;35:*.pbm=01;35:*.pgm=01;35:*.ppm=01;35:*.tga=01;35:*.xbm=01;35:*.xpm=01;35:*.tif=01;35:*.tiff=01;35:*.png=01;35:*.svg=01;35:*.svgz=01;35:*.mng=01;35:*.pcx=01;35:*.mov=01;35:*.mpg=01;35:*.mpeg=01;35:*.m2v=01;35:*.mkv=01;35:*.webm=01;35:*.webp=01;35:*.ogm=01;35:*.mp4=01;35:*.m4v=01;35:*.mp4v=01;35:*.vob=01;35:*.qt=01;35:*.nuv=01;35:*.wmv=01;35:*.asf=01;35:*.rm=01;35:*.rmvb=01;35:*.flc=01;35:*.avi=01;35:*.fli=01;35:*.flv=01;35:*.gl=01;35:*.dl=01;35:*.xcf=01;35:*.xwd=01;35:*.yuv=01;35:*.cgm=01;35:*.emf=01;35:*.ogv=01;35:*.ogx=01;35:*.aac=00;36:*.au=00;36:*.flac=00;36:*.m4a=00;36:*.mid=00;36:*.midi=00;36:*.mka=00;36:*.mp3=00;36:*.mpc=00;36:*.ogg=00;36:*.ra=00;36:*.wav=00;36:*.oga=00;36:*.opus=00;36:*.spx=00;36:*.xspf=00;36:'), ('VSCODE_GIT_IPC_HANDLE', '/run/user/1000/vscode-git-c356ab9cf8.sock'), ('TERM_PROGRAM', 'vscode'), ('AMENT_PREFIX_PATH', '/home/pi/ros2_ws/install/lidar_slam_bringup:/home/pi/ros2_ws/install/rf2o_laser_odometry:/home/pi/ros2_ws/install/ldlidar_ros2:/home/pi/yahboomcar_ws/install/ydlidar_ros2_driver:/home/pi/yahboomcar_ws/install/slam_gmapping:/home/pi/yahboomcar_ws/install/rf2o_laser_odometry:/home/pi/yahboomcar_ws/install/openslam_gmapping:/opt/ros/humble'), ('SHELL', '/bin/bash'), ('LESSCLOSE', '/usr/bin/lesspipe %s %s'), ('VSCODE_GIT_ASKPASS_EXTRA_ARGS', ''), ('PWD', '/home/pi/ros2_ws/build/ldlidar_sl_ros2'), ('LC_ALL', 'en_US.UTF-8'), ('COPILOT_DEBUG_NONCE', 'a00f81319b19cf8ad0b4a1ceff71c524'), ('SSH_CONNECTION', '192.168.1.67 63544 192.168.1.167 6767'), ('XDG_DATA_DIRS', '/usr/local/share:/usr/share:/var/lib/snapd/desktop'), ('PYTHONPATH', '/home/pi/ros2_ws/build/lidar_slam_bringup:/home/pi/ros2_ws/install/lidar_slam_bringup/lib/python3.10/site-packages:/opt/ros/humble/lib/python3.10/site-packages:/opt/ros/humble/local/lib/python3.10/dist-packages'), ('COLCON', '1'), ('CMAKE_PREFIX_PATH', '/home/pi/ros2_ws/install/rf2o_laser_odometry:/home/pi/ros2_ws/install/ldlidar_ros2:/home/pi/yahboomcar_ws/install/ydlidar_ros2_driver:/home/pi/yahboomcar_ws/install/slam_gmapping:/home/pi/yahboomcar_ws/install/rf2o_laser_odometry:/home/pi/yahboomcar_ws/install/openslam_gmapping:/home/pi/ros2_ws/install/lidar_slam_bringup:/opt/ros/humble')]), 'shell': False}
[9.057623] (-) TimerEvent: {}
[9.159270] (-) TimerEvent: {}
[9.162987] (ydlidar_ros2_driver) StdoutLine: {'line': b"-- Added test 'copyright' to check source files copyright and LICENSE\n"}
[9.188800] (ydlidar_ros2_driver) StdoutLine: {'line': b"-- Added test 'cppcheck' to perform static code analysis on C / C++ code\n"}
[9.191556] (ydlidar_ros2_driver) StdoutLine: {'line': b'-- Configured cppcheck include dirs: /home/pi/ros2_ws/src/ydlidar_ros2_driver-humble/src\n'}
[9.192762] (ydlidar_ros2_driver) StdoutLine: {'line': b'-- Configured cppcheck exclude dirs and/or files: \n'}
[9.216846] (ydlidar_ros2_driver) StdoutLine: {'line': b"-- Added test 'cpplint' to check C / C++ code against the Google style\n"}
[9.218528] (ydlidar_ros2_driver) StdoutLine: {'line': b'-- Configured cpplint exclude dirs and/or files: \n'}
[9.228136] (ydlidar_ros2_driver) StdoutLine: {'line': b"-- Added test 'flake8' to check Python code syntax and style conventions\n"}
[9.239833] (ydlidar_ros2_driver) StdoutLine: {'line': b"-- Added test 'lint_cmake' to check CMake code style\n"}
[9.248379] (ydlidar_ros2_driver) StdoutLine: {'line': b"-- Added test 'pep257' to check Python code against some of the docstring style conventions in PEP 257\n"}
[9.259501] (-) TimerEvent: {}
[9.273624] (ydlidar_ros2_driver) StdoutLine: {'line': b"-- Added test 'uncrustify' to check C / C++ code style\n"}
[9.286719] (ydlidar_ros2_driver) StdoutLine: {'line': b'-- Configured uncrustify additional arguments: \n'}
[9.294710] (ydlidar_ros2_driver) StdoutLine: {'line': b"-- Added test 'xmllint' to check XML markup files\n"}
[9.304125] (ldlidar_sl_ros2) StdoutLine: {'line': b'[ 12%] \x1b[32mBuilding CXX object CMakeFiles/ldlidar_sl_ros2_node.dir/src/demo.cpp.o\x1b[0m\n'}
[9.317394] (ydlidar_ros2_driver) StdoutLine: {'line': b'-- Configuring done\n'}
[9.343517] (ldlidar_sl_ros2) StdoutLine: {'line': b'[ 25%] \x1b[32mBuilding CXX object CMakeFiles/ldlidar_sl_ros2_node.dir/ldlidar_driver/src/ldlidar_driver.cpp.o\x1b[0m\n'}
[9.357443] (ldlidar_sl_ros2) StdoutLine: {'line': b'[ 37%] \x1b[32mBuilding CXX object CMakeFiles/ldlidar_sl_ros2_node.dir/ldlidar_driver/src/lipkg.cpp.o\x1b[0m\n'}
[9.359709] (-) TimerEvent: {}
[9.367676] (ldlidar_sl_ros2) StdoutLine: {'line': b'[ 50%] \x1b[32mBuilding CXX object CMakeFiles/ldlidar_sl_ros2_node.dir/ldlidar_driver/src/log_module.cpp.o\x1b[0m\n'}
[9.429758] (ydlidar_ros2_driver) StdoutLine: {'line': b'-- Generating done\n'}
[9.459904] (-) TimerEvent: {}
[9.461057] (ydlidar_ros2_driver) StdoutLine: {'line': b'-- Build files have been written to: /home/pi/ros2_ws/build/ydlidar_ros2_driver\n'}
[9.516642] (ydlidar_ros2_driver) CommandEnded: {'returncode': 0}
[9.517916] (ydlidar_ros2_driver) JobProgress: {'identifier': 'ydlidar_ros2_driver', 'progress': 'build'}
[9.518036] (ydlidar_ros2_driver) Command: {'cmd': ['/usr/bin/cmake', '--build', '/home/pi/ros2_ws/build/ydlidar_ros2_driver', '--', '-j4', '-l4'], 'cwd': '/home/pi/ros2_ws/build/ydlidar_ros2_driver', 'env': OrderedDict([('LESSOPEN', '| /usr/bin/lesspipe %s'), ('USER', 'pi'), ('SSH_CLIENT', '192.168.1.67 63544 6767'), ('XDG_SESSION_TYPE', 'tty'), ('GIT_ASKPASS', '/home/pi/.vscode-server/cli/servers/Stable-6928394f91b684055b873eecb8bc281365131f1c/server/extensions/git/dist/askpass.sh'), ('SHLVL', '1'), ('LD_LIBRARY_PATH', '/opt/ros/humble/opt/rviz_ogre_vendor/lib:/home/pi/yahboomcar_ws/install/openslam_gmapping/lib:/opt/ros/humble/lib/aarch64-linux-gnu:/opt/ros/humble/lib'), ('BROWSER', '/home/pi/.vscode-server/cli/servers/Stable-6928394f91b684055b873eecb8bc281365131f1c/server/bin/helpers/browser.sh'), ('MOTD_SHOWN', 'pam'), ('HOME', '/home/pi'), ('OLDPWD', '/home/pi/ros2_ws/src'), ('TERM_PROGRAM_VERSION', '1.124.2'), ('VSCODE_IPC_HOOK_CLI', '/run/user/1000/vscode-ipc-a6270857-dd1e-4d15-9c6c-6c98ace99e62.sock'), ('ROS_PYTHON_VERSION', '3'), ('VSCODE_GIT_ASKPASS_MAIN', '/home/pi/.vscode-server/cli/servers/Stable-6928394f91b684055b873eecb8bc281365131f1c/server/extensions/git/dist/askpass-main.js'), ('VSCODE_GIT_ASKPASS_NODE', '/home/pi/.vscode-server/cli/servers/Stable-6928394f91b684055b873eecb8bc281365131f1c/server/node'), ('VSCODE_PYTHON_AUTOACTIVATE_GUARD', '1'), ('DBUS_SESSION_BUS_ADDRESS', 'unix:path=/run/user/1000/bus'), ('COLORTERM', 'truecolor'), ('COLCON_PREFIX_PATH', '/home/pi/ros2_ws/install:/home/pi/yahboomcar_ws/install'), ('ROS_DISTRO', 'humble'), ('LOGNAME', 'pi'), ('_', '/usr/bin/colcon'), ('ROS_VERSION', '2'), ('CLAUDE_CODE_SSE_PORT', '65012'), ('XDG_SESSION_CLASS', 'user'), ('TERM', 'xterm-256color'), ('XDG_SESSION_ID', '1'), ('ROS_LOCALHOST_ONLY', '0'), ('PATH', '/home/pi/.vscode-server/data/User/globalStorage/github.copilot-chat/debugCommand:/home/pi/.vscode-server/data/User/globalStorage/github.copilot-chat/copilotCli:/home/pi/.vscode-server/cli/servers/Stable-6928394f91b684055b873eecb8bc281365131f1c/server/bin/remote-cli:/opt/ros/humble/bin:/usr/local/sbin:/usr/local/bin:/usr/sbin:/usr/bin:/sbin:/bin:/usr/games:/usr/local/games:/snap/bin'), ('XDG_RUNTIME_DIR', '/run/user/1000'), ('LANG', 'en_US.UTF-8'), ('LS_COLORS', 'rs=0:di=01;34:ln=01;36:mh=00:pi=40;33:so=01;35:do=01;35:bd=40;33;01:cd=40;33;01:or=40;31;01:mi=00:su=37;41:sg=30;43:ca=30;41:tw=30;42:ow=34;42:st=37;44:ex=01;32:*.tar=01;31:*.tgz=01;31:*.arc=01;31:*.arj=01;31:*.taz=01;31:*.lha=01;31:*.lz4=01;31:*.lzh=01;31:*.lzma=01;31:*.tlz=01;31:*.txz=01;31:*.tzo=01;31:*.t7z=01;31:*.zip=01;31:*.z=01;31:*.dz=01;31:*.gz=01;31:*.lrz=01;31:*.lz=01;31:*.lzo=01;31:*.xz=01;31:*.zst=01;31:*.tzst=01;31:*.bz2=01;31:*.bz=01;31:*.tbz=01;31:*.tbz2=01;31:*.tz=01;31:*.deb=01;31:*.rpm=01;31:*.jar=01;31:*.war=01;31:*.ear=01;31:*.sar=01;31:*.rar=01;31:*.alz=01;31:*.ace=01;31:*.zoo=01;31:*.cpio=01;31:*.7z=01;31:*.rz=01;31:*.cab=01;31:*.wim=01;31:*.swm=01;31:*.dwm=01;31:*.esd=01;31:*.jpg=01;35:*.jpeg=01;35:*.mjpg=01;35:*.mjpeg=01;35:*.gif=01;35:*.bmp=01;35:*.pbm=01;35:*.pgm=01;35:*.ppm=01;35:*.tga=01;35:*.xbm=01;35:*.xpm=01;35:*.tif=01;35:*.tiff=01;35:*.png=01;35:*.svg=01;35:*.svgz=01;35:*.mng=01;35:*.pcx=01;35:*.mov=01;35:*.mpg=01;35:*.mpeg=01;35:*.m2v=01;35:*.mkv=01;35:*.webm=01;35:*.webp=01;35:*.ogm=01;35:*.mp4=01;35:*.m4v=01;35:*.mp4v=01;35:*.vob=01;35:*.qt=01;35:*.nuv=01;35:*.wmv=01;35:*.asf=01;35:*.rm=01;35:*.rmvb=01;35:*.flc=01;35:*.avi=01;35:*.fli=01;35:*.flv=01;35:*.gl=01;35:*.dl=01;35:*.xcf=01;35:*.xwd=01;35:*.yuv=01;35:*.cgm=01;35:*.emf=01;35:*.ogv=01;35:*.ogx=01;35:*.aac=00;36:*.au=00;36:*.flac=00;36:*.m4a=00;36:*.mid=00;36:*.midi=00;36:*.mka=00;36:*.mp3=00;36:*.mpc=00;36:*.ogg=00;36:*.ra=00;36:*.wav=00;36:*.oga=00;36:*.opus=00;36:*.spx=00;36:*.xspf=00;36:'), ('VSCODE_GIT_IPC_HANDLE', '/run/user/1000/vscode-git-c356ab9cf8.sock'), ('TERM_PROGRAM', 'vscode'), ('AMENT_PREFIX_PATH', '/home/pi/ros2_ws/install/lidar_slam_bringup:/home/pi/ros2_ws/install/rf2o_laser_odometry:/home/pi/ros2_ws/install/ldlidar_ros2:/home/pi/yahboomcar_ws/install/ydlidar_ros2_driver:/home/pi/yahboomcar_ws/install/slam_gmapping:/home/pi/yahboomcar_ws/install/rf2o_laser_odometry:/home/pi/yahboomcar_ws/install/openslam_gmapping:/opt/ros/humble'), ('SHELL', '/bin/bash'), ('LESSCLOSE', '/usr/bin/lesspipe %s %s'), ('VSCODE_GIT_ASKPASS_EXTRA_ARGS', ''), ('PWD', '/home/pi/ros2_ws/build/ydlidar_ros2_driver'), ('LC_ALL', 'en_US.UTF-8'), ('COPILOT_DEBUG_NONCE', 'a00f81319b19cf8ad0b4a1ceff71c524'), ('SSH_CONNECTION', '192.168.1.67 63544 192.168.1.167 6767'), ('XDG_DATA_DIRS', '/usr/local/share:/usr/share:/var/lib/snapd/desktop'), ('PYTHONPATH', '/home/pi/ros2_ws/build/lidar_slam_bringup:/home/pi/ros2_ws/install/lidar_slam_bringup/lib/python3.10/site-packages:/opt/ros/humble/lib/python3.10/site-packages:/opt/ros/humble/local/lib/python3.10/dist-packages'), ('COLCON', '1'), ('CMAKE_PREFIX_PATH', '/home/pi/ros2_ws/install/rf2o_laser_odometry:/home/pi/ros2_ws/install/ldlidar_ros2:/home/pi/yahboomcar_ws/install/ydlidar_ros2_driver:/home/pi/yahboomcar_ws/install/slam_gmapping:/home/pi/yahboomcar_ws/install/rf2o_laser_odometry:/home/pi/yahboomcar_ws/install/openslam_gmapping:/home/pi/ros2_ws/install/lidar_slam_bringup:/opt/ros/humble')]), 'shell': False}
[9.560145] (-) TimerEvent: {}
[9.661015] (-) TimerEvent: {}
[9.762402] (-) TimerEvent: {}
[9.863586] (-) TimerEvent: {}
[9.964785] (-) TimerEvent: {}
[10.066259] (-) TimerEvent: {}
[10.092650] (ydlidar_ros2_driver) StdoutLine: {'line': b'[ 25%] \x1b[32mBuilding CXX object CMakeFiles/ydlidar_ros2_driver_client.dir/src/ydlidar_ros2_driver_client.cpp.o\x1b[0m\n'}
[10.123130] (ydlidar_ros2_driver) StdoutLine: {'line': b'[ 50%] \x1b[32mBuilding CXX object CMakeFiles/ydlidar_ros2_driver_node.dir/src/ydlidar_ros2_driver_node.cpp.o\x1b[0m\n'}
[10.166418] (-) TimerEvent: {}
[10.267181] (-) TimerEvent: {}
[10.367953] (-) TimerEvent: {}
[10.480246] (-) TimerEvent: {}
[10.500038] (lidar_slam_bringup) StdoutLine: {'line': b'running develop\n'}
[10.580492] (-) TimerEvent: {}
[10.681796] (-) TimerEvent: {}
[10.782685] (-) TimerEvent: {}
[10.884306] (-) TimerEvent: {}
[10.986116] (-) TimerEvent: {}
[11.088156] (-) TimerEvent: {}
[11.189592] (-) TimerEvent: {}
[11.291234] (-) TimerEvent: {}
[11.393221] (-) TimerEvent: {}
[11.495018] (-) TimerEvent: {}
[11.596633] (-) TimerEvent: {}
[11.698804] (-) TimerEvent: {}
[11.801004] (-) TimerEvent: {}
[11.903032] (-) TimerEvent: {}
[12.006253] (-) TimerEvent: {}
[12.051439] (lidar_slam_bringup) StdoutLine: {'line': b'Removing /home/pi/ros2_ws/install/lidar_slam_bringup/lib/python3.10/site-packages/lidar-slam-bringup.egg-link (link to .)\n'}
[12.106466] (-) TimerEvent: {}
[12.208660] (-) TimerEvent: {}
[12.267918] (lidar_slam_bringup) CommandEnded: {'returncode': 0}
[12.269357] (lidar_slam_bringup) Command: {'cmd': ['/usr/bin/python3', '-W', 'ignore:setup.py install is deprecated', '-W', 'ignore:easy_install command is deprecated', 'setup.py', 'egg_info', '--egg-base', '../../build/lidar_slam_bringup', 'build', '--build-base', '/home/pi/ros2_ws/build/lidar_slam_bringup/build', 'install', '--record', '/home/pi/ros2_ws/build/lidar_slam_bringup/install.log', '--single-version-externally-managed', 'install_data', '--force'], 'cwd': '/home/pi/ros2_ws/src/lidar_slam_bringup', 'env': {'LESSOPEN': '| /usr/bin/lesspipe %s', 'USER': 'pi', 'SSH_CLIENT': '192.168.1.67 63544 6767', 'XDG_SESSION_TYPE': 'tty', 'GIT_ASKPASS': '/home/pi/.vscode-server/cli/servers/Stable-6928394f91b684055b873eecb8bc281365131f1c/server/extensions/git/dist/askpass.sh', 'SHLVL': '1', 'LD_LIBRARY_PATH': '/opt/ros/humble/opt/rviz_ogre_vendor/lib:/home/pi/yahboomcar_ws/install/openslam_gmapping/lib:/opt/ros/humble/lib/aarch64-linux-gnu:/opt/ros/humble/lib', 'BROWSER': '/home/pi/.vscode-server/cli/servers/Stable-6928394f91b684055b873eecb8bc281365131f1c/server/bin/helpers/browser.sh', 'MOTD_SHOWN': 'pam', 'HOME': '/home/pi', 'OLDPWD': '/home/pi/ros2_ws/src', 'TERM_PROGRAM_VERSION': '1.124.2', 'VSCODE_IPC_HOOK_CLI': '/run/user/1000/vscode-ipc-a6270857-dd1e-4d15-9c6c-6c98ace99e62.sock', 'ROS_PYTHON_VERSION': '3', 'VSCODE_GIT_ASKPASS_MAIN': '/home/pi/.vscode-server/cli/servers/Stable-6928394f91b684055b873eecb8bc281365131f1c/server/extensions/git/dist/askpass-main.js', 'VSCODE_GIT_ASKPASS_NODE': '/home/pi/.vscode-server/cli/servers/Stable-6928394f91b684055b873eecb8bc281365131f1c/server/node', 'VSCODE_PYTHON_AUTOACTIVATE_GUARD': '1', 'DBUS_SESSION_BUS_ADDRESS': 'unix:path=/run/user/1000/bus', 'COLORTERM': 'truecolor', 'COLCON_PREFIX_PATH': '/home/pi/ros2_ws/install:/home/pi/yahboomcar_ws/install', 'ROS_DISTRO': 'humble', 'LOGNAME': 'pi', '_': '/usr/bin/colcon', 'ROS_VERSION': '2', 'CLAUDE_CODE_SSE_PORT': '65012', 'XDG_SESSION_CLASS': 'user', 'TERM': 'xterm-256color', 'XDG_SESSION_ID': '1', 'ROS_LOCALHOST_ONLY': '0', 'PATH': '/home/pi/.vscode-server/data/User/globalStorage/github.copilot-chat/debugCommand:/home/pi/.vscode-server/data/User/globalStorage/github.copilot-chat/copilotCli:/home/pi/.vscode-server/cli/servers/Stable-6928394f91b684055b873eecb8bc281365131f1c/server/bin/remote-cli:/opt/ros/humble/bin:/usr/local/sbin:/usr/local/bin:/usr/sbin:/usr/bin:/sbin:/bin:/usr/games:/usr/local/games:/snap/bin', 'XDG_RUNTIME_DIR': '/run/user/1000', 'LANG': 'en_US.UTF-8', 'LS_COLORS': 'rs=0:di=01;34:ln=01;36:mh=00:pi=40;33:so=01;35:do=01;35:bd=40;33;01:cd=40;33;01:or=40;31;01:mi=00:su=37;41:sg=30;43:ca=30;41:tw=30;42:ow=34;42:st=37;44:ex=01;32:*.tar=01;31:*.tgz=01;31:*.arc=01;31:*.arj=01;31:*.taz=01;31:*.lha=01;31:*.lz4=01;31:*.lzh=01;31:*.lzma=01;31:*.tlz=01;31:*.txz=01;31:*.tzo=01;31:*.t7z=01;31:*.zip=01;31:*.z=01;31:*.dz=01;31:*.gz=01;31:*.lrz=01;31:*.lz=01;31:*.lzo=01;31:*.xz=01;31:*.zst=01;31:*.tzst=01;31:*.bz2=01;31:*.bz=01;31:*.tbz=01;31:*.tbz2=01;31:*.tz=01;31:*.deb=01;31:*.rpm=01;31:*.jar=01;31:*.war=01;31:*.ear=01;31:*.sar=01;31:*.rar=01;31:*.alz=01;31:*.ace=01;31:*.zoo=01;31:*.cpio=01;31:*.7z=01;31:*.rz=01;31:*.cab=01;31:*.wim=01;31:*.swm=01;31:*.dwm=01;31:*.esd=01;31:*.jpg=01;35:*.jpeg=01;35:*.mjpg=01;35:*.mjpeg=01;35:*.gif=01;35:*.bmp=01;35:*.pbm=01;35:*.pgm=01;35:*.ppm=01;35:*.tga=01;35:*.xbm=01;35:*.xpm=01;35:*.tif=01;35:*.tiff=01;35:*.png=01;35:*.svg=01;35:*.svgz=01;35:*.mng=01;35:*.pcx=01;35:*.mov=01;35:*.mpg=01;35:*.mpeg=01;35:*.m2v=01;35:*.mkv=01;35:*.webm=01;35:*.webp=01;35:*.ogm=01;35:*.mp4=01;35:*.m4v=01;35:*.mp4v=01;35:*.vob=01;35:*.qt=01;35:*.nuv=01;35:*.wmv=01;35:*.asf=01;35:*.rm=01;35:*.rmvb=01;35:*.flc=01;35:*.avi=01;35:*.fli=01;35:*.flv=01;35:*.gl=01;35:*.dl=01;35:*.xcf=01;35:*.xwd=01;35:*.yuv=01;35:*.cgm=01;35:*.emf=01;35:*.ogv=01;35:*.ogx=01;35:*.aac=00;36:*.au=00;36:*.flac=00;36:*.m4a=00;36:*.mid=00;36:*.midi=00;36:*.mka=00;36:*.mp3=00;36:*.mpc=00;36:*.ogg=00;36:*.ra=00;36:*.wav=00;36:*.oga=00;36:*.opus=00;36:*.spx=00;36:*.xspf=00;36:', 'VSCODE_GIT_IPC_HANDLE': '/run/user/1000/vscode-git-c356ab9cf8.sock', 'TERM_PROGRAM': 'vscode', 'AMENT_PREFIX_PATH': '/home/pi/ros2_ws/install/lidar_slam_bringup:/home/pi/ros2_ws/install/rf2o_laser_odometry:/home/pi/ros2_ws/install/ldlidar_ros2:/home/pi/yahboomcar_ws/install/ydlidar_ros2_driver:/home/pi/yahboomcar_ws/install/slam_gmapping:/home/pi/yahboomcar_ws/install/rf2o_laser_odometry:/home/pi/yahboomcar_ws/install/openslam_gmapping:/opt/ros/humble', 'SHELL': '/bin/bash', 'LESSCLOSE': '/usr/bin/lesspipe %s %s', 'VSCODE_GIT_ASKPASS_EXTRA_ARGS': '', 'PWD': '/home/pi/ros2_ws/build/lidar_slam_bringup', 'LC_ALL': 'en_US.UTF-8', 'COPILOT_DEBUG_NONCE': 'a00f81319b19cf8ad0b4a1ceff71c524', 'SSH_CONNECTION': '192.168.1.67 63544 192.168.1.167 6767', 'XDG_DATA_DIRS': '/usr/local/share:/usr/share:/var/lib/snapd/desktop', 'PYTHONPATH': '/home/pi/ros2_ws/build/lidar_slam_bringup/prefix_override:/usr/lib/python3/dist-packages/colcon_core/task/python/colcon_distutils_commands:/home/pi/ros2_ws/install/lidar_slam_bringup/lib/python3.10/site-packages:/home/pi/ros2_ws/build/lidar_slam_bringup:/home/pi/ros2_ws/install/lidar_slam_bringup/lib/python3.10/site-packages:/opt/ros/humble/lib/python3.10/site-packages:/opt/ros/humble/local/lib/python3.10/dist-packages', 'COLCON': '1', 'CMAKE_PREFIX_PATH': '/home/pi/ros2_ws/install/rf2o_laser_odometry:/home/pi/ros2_ws/install/ldlidar_ros2:/home/pi/yahboomcar_ws/install/ydlidar_ros2_driver:/home/pi/yahboomcar_ws/install/slam_gmapping:/home/pi/yahboomcar_ws/install/rf2o_laser_odometry:/home/pi/yahboomcar_ws/install/openslam_gmapping'}, 'shell': False}
[12.308947] (-) TimerEvent: {}
[12.411104] (-) TimerEvent: {}
[12.513032] (-) TimerEvent: {}
[12.615098] (-) TimerEvent: {}
[12.717588] (-) TimerEvent: {}
[12.821162] (-) TimerEvent: {}
[12.923685] (-) TimerEvent: {}
[13.026342] (-) TimerEvent: {}
[13.127698] (-) TimerEvent: {}
[13.229035] (-) TimerEvent: {}
[13.322649] (ldlidar_sl_ros2) StdoutLine: {'line': b'[ 62%] \x1b[32mBuilding CXX object CMakeFiles/ldlidar_sl_ros2_node.dir/ldlidar_driver/src/serial_interface_linux.cpp.o\x1b[0m\n'}
[13.329302] (-) TimerEvent: {}
[13.430229] (-) TimerEvent: {}
[13.531167] (-) TimerEvent: {}
[13.634353] (-) TimerEvent: {}
[13.736061] (-) TimerEvent: {}
[13.838334] (-) TimerEvent: {}
[13.939638] (-) TimerEvent: {}
[14.041077] (-) TimerEvent: {}
[14.143245] (-) TimerEvent: {}
[14.245139] (-) TimerEvent: {}
[14.350890] (-) TimerEvent: {}
[14.452137] (-) TimerEvent: {}
[14.553580] (-) TimerEvent: {}
[14.655060] (-) TimerEvent: {}
[14.756580] (-) TimerEvent: {}
[14.858815] (-) TimerEvent: {}
[14.961570] (-) TimerEvent: {}
[15.063531] (-) TimerEvent: {}
[15.165496] (-) TimerEvent: {}
[15.266628] (lidar_slam_bringup) StdoutLine: {'line': b'running egg_info\n'}
[15.267952] (-) TimerEvent: {}
[15.291215] (lidar_slam_bringup) StdoutLine: {'line': b'writing ../../build/lidar_slam_bringup/lidar_slam_bringup.egg-info/PKG-INFO\n'}
[15.294000] (lidar_slam_bringup) StdoutLine: {'line': b'writing dependency_links to ../../build/lidar_slam_bringup/lidar_slam_bringup.egg-info/dependency_links.txt\n'}
[15.296226] (lidar_slam_bringup) StdoutLine: {'line': b'writing entry points to ../../build/lidar_slam_bringup/lidar_slam_bringup.egg-info/entry_points.txt\n'}
[15.297595] (lidar_slam_bringup) StdoutLine: {'line': b'writing requirements to ../../build/lidar_slam_bringup/lidar_slam_bringup.egg-info/requires.txt\n'}
[15.299404] (lidar_slam_bringup) StdoutLine: {'line': b'writing top-level names to ../../build/lidar_slam_bringup/lidar_slam_bringup.egg-info/top_level.txt\n'}
[15.331136] (lidar_slam_bringup) StdoutLine: {'line': b"reading manifest file '../../build/lidar_slam_bringup/lidar_slam_bringup.egg-info/SOURCES.txt'\n"}
[15.336968] (lidar_slam_bringup) StdoutLine: {'line': b"writing manifest file '../../build/lidar_slam_bringup/lidar_slam_bringup.egg-info/SOURCES.txt'\n"}
[15.340153] (lidar_slam_bringup) StdoutLine: {'line': b'running build\n'}
[15.341318] (lidar_slam_bringup) StdoutLine: {'line': b'running build_py\n'}
[15.343249] (lidar_slam_bringup) StdoutLine: {'line': b'creating /home/pi/ros2_ws/build/lidar_slam_bringup/build\n'}
[15.344407] (lidar_slam_bringup) StdoutLine: {'line': b'creating /home/pi/ros2_ws/build/lidar_slam_bringup/build/lib\n'}
[15.345337] (lidar_slam_bringup) StdoutLine: {'line': b'creating /home/pi/ros2_ws/build/lidar_slam_bringup/build/lib/lidar_slam_bringup\n'}
[15.346382] (lidar_slam_bringup) StdoutLine: {'line': b'copying lidar_slam_bringup/__init__.py -> /home/pi/ros2_ws/build/lidar_slam_bringup/build/lib/lidar_slam_bringup\n'}
[15.348974] (lidar_slam_bringup) StdoutLine: {'line': b'copying lidar_slam_bringup/imu_node.py -> /home/pi/ros2_ws/build/lidar_slam_bringup/build/lib/lidar_slam_bringup\n'}
[15.357905] (lidar_slam_bringup) StdoutLine: {'line': b'running install\n'}
[15.362622] (lidar_slam_bringup) StdoutLine: {'line': b'running install_lib\n'}
[15.368218] (-) TimerEvent: {}
[15.374410] (lidar_slam_bringup) StdoutLine: {'line': b'creating /home/pi/ros2_ws/install/lidar_slam_bringup/lib/python3.10/site-packages/lidar_slam_bringup\n'}
[15.376013] (lidar_slam_bringup) StdoutLine: {'line': b'copying /home/pi/ros2_ws/build/lidar_slam_bringup/build/lib/lidar_slam_bringup/__init__.py -> /home/pi/ros2_ws/install/lidar_slam_bringup/lib/python3.10/site-packages/lidar_slam_bringup\n'}
[15.376767] (lidar_slam_bringup) StdoutLine: {'line': b'copying /home/pi/ros2_ws/build/lidar_slam_bringup/build/lib/lidar_slam_bringup/imu_node.py -> /home/pi/ros2_ws/install/lidar_slam_bringup/lib/python3.10/site-packages/lidar_slam_bringup\n'}
[15.380321] (lidar_slam_bringup) StdoutLine: {'line': b'byte-compiling /home/pi/ros2_ws/install/lidar_slam_bringup/lib/python3.10/site-packages/lidar_slam_bringup/__init__.py to __init__.cpython-310.pyc\n'}
[15.383199] (lidar_slam_bringup) StdoutLine: {'line': b'byte-compiling /home/pi/ros2_ws/install/lidar_slam_bringup/lib/python3.10/site-packages/lidar_slam_bringup/imu_node.py to imu_node.cpython-310.pyc\n'}
[15.390495] (lidar_slam_bringup) StdoutLine: {'line': b'running install_data\n'}
[15.396306] (lidar_slam_bringup) StdoutLine: {'line': b'copying resource/lidar_slam_bringup -> /home/pi/ros2_ws/install/lidar_slam_bringup/share/ament_index/resource_index/packages\n'}
[15.399529] (lidar_slam_bringup) StdoutLine: {'line': b'copying package.xml -> /home/pi/ros2_ws/install/lidar_slam_bringup/share/lidar_slam_bringup\n'}
[15.407379] (lidar_slam_bringup) StdoutLine: {'line': b'copying launch/slam.launch.py -> /home/pi/ros2_ws/install/lidar_slam_bringup/share/lidar_slam_bringup/launch\n'}
[15.410365] (lidar_slam_bringup) StdoutLine: {'line': b'copying config/ekf.yaml -> /home/pi/ros2_ws/install/lidar_slam_bringup/share/lidar_slam_bringup/config\n'}
[15.412947] (lidar_slam_bringup) StdoutLine: {'line': b'copying config/slam_toolbox.yaml -> /home/pi/ros2_ws/install/lidar_slam_bringup/share/lidar_slam_bringup/config\n'}
[15.419645] (lidar_slam_bringup) StdoutLine: {'line': b'running install_egg_info\n'}
[15.423793] (lidar_slam_bringup) StdoutLine: {'line': b'Copying ../../build/lidar_slam_bringup/lidar_slam_bringup.egg-info to /home/pi/ros2_ws/install/lidar_slam_bringup/lib/python3.10/site-packages/lidar_slam_bringup-0.1.0-py3.10.egg-info\n'}
[15.436416] (lidar_slam_bringup) StdoutLine: {'line': b'running install_scripts\n'}
[15.468449] (-) TimerEvent: {}
[15.552865] (lidar_slam_bringup) StdoutLine: {'line': b'Installing imu_node script to /home/pi/ros2_ws/install/lidar_slam_bringup/lib/lidar_slam_bringup\n'}
[15.555668] (lidar_slam_bringup) StdoutLine: {'line': b"writing list of installed files to '/home/pi/ros2_ws/build/lidar_slam_bringup/install.log'\n"}
[15.568841] (-) TimerEvent: {}
[15.670460] (-) TimerEvent: {}
[15.774491] (lidar_slam_bringup) CommandEnded: {'returncode': 0}
[15.776539] (-) TimerEvent: {}
[15.877532] (-) TimerEvent: {}
[15.891025] (lidar_slam_bringup) JobEnded: {'identifier': 'lidar_slam_bringup', 'rc': 0}
[15.977856] (-) TimerEvent: {}
[16.079512] (-) TimerEvent: {}
[16.181418] (-) TimerEvent: {}
[16.283008] (-) TimerEvent: {}
[16.384712] (-) TimerEvent: {}
[16.485819] (-) TimerEvent: {}
[16.586842] (-) TimerEvent: {}
[16.687859] (-) TimerEvent: {}
[16.788920] (-) TimerEvent: {}
[16.890105] (-) TimerEvent: {}
[16.991178] (-) TimerEvent: {}
[17.092193] (-) TimerEvent: {}
[17.193271] (-) TimerEvent: {}
[17.294940] (-) TimerEvent: {}
[17.396427] (-) TimerEvent: {}
[17.497477] (-) TimerEvent: {}
[17.598542] (-) TimerEvent: {}
[17.699898] (-) TimerEvent: {}
[17.801362] (-) TimerEvent: {}
[17.903228] (-) TimerEvent: {}
[17.932256] (ldlidar_sl_ros2) StdoutLine: {'line': b'[ 75%] \x1b[32mBuilding CXX object CMakeFiles/ldlidar_sl_ros2_node.dir/ldlidar_driver/src/sl_transform.cpp.o\x1b[0m\n'}
[18.003498] (-) TimerEvent: {}
[18.105994] (-) TimerEvent: {}
[18.208427] (-) TimerEvent: {}
[18.310887] (-) TimerEvent: {}
[18.413123] (-) TimerEvent: {}
[18.515793] (-) TimerEvent: {}
[18.616762] (-) TimerEvent: {}
[18.718344] (-) TimerEvent: {}
[18.728605] (ldlidar_sl_ros2) StdoutLine: {'line': b'[ 87%] \x1b[32mBuilding CXX object CMakeFiles/ldlidar_sl_ros2_node.dir/ldlidar_driver/src/slbf.cpp.o\x1b[0m\n'}
[18.818663] (-) TimerEvent: {}
[18.920582] (-) TimerEvent: {}
[19.023030] (-) TimerEvent: {}
[19.125789] (-) TimerEvent: {}
[19.227872] (-) TimerEvent: {}
[19.329665] (-) TimerEvent: {}
[19.431168] (-) TimerEvent: {}
[19.532305] (-) TimerEvent: {}
[19.633740] (-) TimerEvent: {}
[19.735101] (-) TimerEvent: {}
[19.836971] (-) TimerEvent: {}
[19.939157] (-) TimerEvent: {}
[20.041526] (-) TimerEvent: {}
[20.144171] (-) TimerEvent: {}
[20.246618] (-) TimerEvent: {}
[20.348660] (-) TimerEvent: {}
[20.450929] (-) TimerEvent: {}
[20.553603] (-) TimerEvent: {}
[20.656004] (-) TimerEvent: {}
[20.758408] (-) TimerEvent: {}
[20.860892] (-) TimerEvent: {}
[20.962418] (-) TimerEvent: {}
[21.065612] (-) TimerEvent: {}
[21.168447] (-) TimerEvent: {}
[21.271130] (-) TimerEvent: {}
[21.373455] (-) TimerEvent: {}
[21.475979] (-) TimerEvent: {}
[21.578383] (-) TimerEvent: {}
[21.681079] (-) TimerEvent: {}
[21.783430] (-) TimerEvent: {}
[21.886030] (-) TimerEvent: {}
[21.988556] (-) TimerEvent: {}
[22.091316] (-) TimerEvent: {}
[22.194499] (-) TimerEvent: {}
[22.296751] (-) TimerEvent: {}
[22.399102] (-) TimerEvent: {}
[22.501438] (-) TimerEvent: {}
[22.604694] (-) TimerEvent: {}
[22.707545] (-) TimerEvent: {}
[22.809863] (-) TimerEvent: {}
[22.911011] (-) TimerEvent: {}
[23.012576] (-) TimerEvent: {}
[23.113549] (-) TimerEvent: {}
[23.215014] (-) TimerEvent: {}
[23.316604] (-) TimerEvent: {}
[23.418667] (-) TimerEvent: {}
[23.520658] (-) TimerEvent: {}
[23.622180] (-) TimerEvent: {}
[23.723590] (-) TimerEvent: {}
[23.825042] (-) TimerEvent: {}
[23.926062] (-) TimerEvent: {}
[24.027834] (-) TimerEvent: {}
[24.129585] (-) TimerEvent: {}
[24.231109] (-) TimerEvent: {}
[24.332652] (-) TimerEvent: {}
[24.434307] (-) TimerEvent: {}
[24.535900] (-) TimerEvent: {}
[24.637571] (-) TimerEvent: {}
[24.738710] (-) TimerEvent: {}
[24.840511] (-) TimerEvent: {}
[24.941935] (-) TimerEvent: {}
[25.043931] (-) TimerEvent: {}
[25.146319] (-) TimerEvent: {}
[25.247906] (-) TimerEvent: {}
[25.349473] (-) TimerEvent: {}
[25.451020] (-) TimerEvent: {}
[25.552499] (-) TimerEvent: {}
[25.654594] (-) TimerEvent: {}
[25.756949] (-) TimerEvent: {}
[25.858948] (-) TimerEvent: {}
[25.960413] (-) TimerEvent: {}
[26.062780] (-) TimerEvent: {}
[26.165304] (-) TimerEvent: {}
[26.267571] (-) TimerEvent: {}
[26.369549] (-) TimerEvent: {}
[26.471120] (-) TimerEvent: {}
[26.572710] (-) TimerEvent: {}
[26.674254] (-) TimerEvent: {}
[26.776321] (-) TimerEvent: {}
[26.878710] (-) TimerEvent: {}
[26.980962] (-) TimerEvent: {}
[27.083009] (-) TimerEvent: {}
[27.185203] (-) TimerEvent: {}
[27.288061] (-) TimerEvent: {}
[27.390445] (-) TimerEvent: {}
[27.492118] (-) TimerEvent: {}
[27.593750] (-) TimerEvent: {}
[27.695530] (-) TimerEvent: {}
[27.797162] (-) TimerEvent: {}
[27.898994] (-) TimerEvent: {}
[28.002524] (-) TimerEvent: {}
[28.104643] (-) TimerEvent: {}
[28.206954] (-) TimerEvent: {}
[28.309151] (-) TimerEvent: {}
[28.410795] (-) TimerEvent: {}
[28.512526] (-) TimerEvent: {}
[28.614109] (-) TimerEvent: {}
[28.716181] (-) TimerEvent: {}
[28.817192] (-) TimerEvent: {}
[28.920694] (-) TimerEvent: {}
[29.022605] (-) TimerEvent: {}
[29.124269] (-) TimerEvent: {}
[29.225902] (-) TimerEvent: {}
[29.327662] (-) TimerEvent: {}
[29.430374] (-) TimerEvent: {}
[29.533172] (-) TimerEvent: {}
[29.636121] (-) TimerEvent: {}
[29.738581] (-) TimerEvent: {}
[29.840931] (-) TimerEvent: {}
[29.943343] (-) TimerEvent: {}
[30.045840] (-) TimerEvent: {}
[30.149807] (-) TimerEvent: {}
[30.251393] (-) TimerEvent: {}
[30.353707] (-) TimerEvent: {}
[30.456083] (-) TimerEvent: {}
[30.558387] (-) TimerEvent: {}
[30.660601] (-) TimerEvent: {}
[30.747675] (ydlidar_ros2_driver) StderrLine: {'line': b'\x1b[01m\x1b[K/home/pi/ros2_ws/src/ydlidar_ros2_driver-humble/src/ydlidar_ros2_driver_node.cpp:\x1b[m\x1b[K In lambda function:\n'}
[30.748834] (ydlidar_ros2_driver) StderrLine: {'line': b'\x1b[01m\x1b[K/home/pi/ros2_ws/src/ydlidar_ros2_driver-humble/src/ydlidar_ros2_driver_node.cpp:169:54:\x1b[m\x1b[K \x1b[01;35m\x1b[Kwarning: \x1b[m\x1b[Kunused parameter \xe2\x80\x98\x1b[01m\x1b[Krequest_header\x1b[m\x1b[K\xe2\x80\x99 [\x1b[01;35m\x1b[K\x1b]8;;https://gcc.gnu.org/onlinedocs/gcc/Warning-Options.html#index-Wunused-parameter\x07-Wunused-parameter\x1b]8;;\x07\x1b[m\x1b[K]\n'}
[30.749682] (ydlidar_ros2_driver) StderrLine: {'line': b'  169 |     [&laser](\x1b[01;35m\x1b[Kconst std::shared_ptr<rmw_request_id_t> request_header\x1b[m\x1b[K,\n'}
[30.751552] (ydlidar_ros2_driver) StderrLine: {'line': b'      |              \x1b[01;35m\x1b[K~~~~~~~~~~~~~~~~~~~~~~~~~~~~~~~~~~~~~~~~^~~~~~~~~~~~~~\x1b[m\x1b[K\n'}
[30.752454] (ydlidar_ros2_driver) StderrLine: {'line': b'\x1b[01m\x1b[K/home/pi/ros2_ws/src/ydlidar_ros2_driver-humble/src/ydlidar_ros2_driver_node.cpp:170:56:\x1b[m\x1b[K \x1b[01;35m\x1b[Kwarning: \x1b[m\x1b[Kunused parameter \xe2\x80\x98\x1b[01m\x1b[Kreq\x1b[m\x1b[K\xe2\x80\x99 [\x1b[01;35m\x1b[K\x1b]8;;https://gcc.gnu.org/onlinedocs/gcc/Warning-Options.html#index-Wunused-parameter\x07-Wunused-parameter\x1b]8;;\x07\x1b[m\x1b[K]\n'}
[30.753436] (ydlidar_ros2_driver) StderrLine: {'line': b'  170 |   \x1b[01;35m\x1b[Kconst std::shared_ptr<std_srvs::srv::Empty::Request> req\x1b[m\x1b[K,\n'}
[30.754451] (ydlidar_ros2_driver) StderrLine: {'line': b'      |   \x1b[01;35m\x1b[K~~~~~~~~~~~~~~~~~~~~~~~~~~~~~~~~~~~~~~~~~~~~~~~~~~~~~^~~\x1b[m\x1b[K\n'}
[30.755308] (ydlidar_ros2_driver) StderrLine: {'line': b'\x1b[01m\x1b[K/home/pi/ros2_ws/src/ydlidar_ros2_driver-humble/src/ydlidar_ros2_driver_node.cpp:171:51:\x1b[m\x1b[K \x1b[01;35m\x1b[Kwarning: \x1b[m\x1b[Kunused parameter \xe2\x80\x98\x1b[01m\x1b[Kresponse\x1b[m\x1b[K\xe2\x80\x99 [\x1b[01;35m\x1b[K\x1b]8;;https://gcc.gnu.org/onlinedocs/gcc/Warning-Options.html#index-Wunused-parameter\x07-Wunused-parameter\x1b]8;;\x07\x1b[m\x1b[K]\n'}
[30.756152] (ydlidar_ros2_driver) StderrLine: {'line': b'  171 |   \x1b[01;35m\x1b[Kstd::shared_ptr<std_srvs::srv::Empty::Response> response\x1b[m\x1b[K) -> bool\n'}
[30.756975] (ydlidar_ros2_driver) StderrLine: {'line': b'      |   \x1b[01;35m\x1b[K~~~~~~~~~~~~~~~~~~~~~~~~~~~~~~~~~~~~~~~~~~~~~~~~^~~~~~~~\x1b[m\x1b[K\n'}
[30.760835] (-) TimerEvent: {}
[30.828372] (ydlidar_ros2_driver) StderrLine: {'line': b'\x1b[01m\x1b[K/home/pi/ros2_ws/src/ydlidar_ros2_driver-humble/src/ydlidar_ros2_driver_node.cpp:\x1b[m\x1b[K In lambda function:\n'}
[30.831600] (ydlidar_ros2_driver) StderrLine: {'line': b'\x1b[01m\x1b[K/home/pi/ros2_ws/src/ydlidar_ros2_driver-humble/src/ydlidar_ros2_driver_node.cpp:179:54:\x1b[m\x1b[K \x1b[01;35m\x1b[Kwarning: \x1b[m\x1b[Kunused parameter \xe2\x80\x98\x1b[01m\x1b[Krequest_header\x1b[m\x1b[K\xe2\x80\x99 [\x1b[01;35m\x1b[K\x1b]8;;https://gcc.gnu.org/onlinedocs/gcc/Warning-Options.html#index-Wunused-parameter\x07-Wunused-parameter\x1b]8;;\x07\x1b[m\x1b[K]\n'}
[30.835931] (ydlidar_ros2_driver) StderrLine: {'line': b'  179 |     [&laser](\x1b[01;35m\x1b[Kconst std::shared_ptr<rmw_request_id_t> request_header\x1b[m\x1b[K,\n'}
[30.839852] (ydlidar_ros2_driver) StderrLine: {'line': b'      |              \x1b[01;35m\x1b[K~~~~~~~~~~~~~~~~~~~~~~~~~~~~~~~~~~~~~~~~^~~~~~~~~~~~~~\x1b[m\x1b[K\n'}
[30.842451] (ydlidar_ros2_driver) StderrLine: {'line': b'\x1b[01m\x1b[K/home/pi/ros2_ws/src/ydlidar_ros2_driver-humble/src/ydlidar_ros2_driver_node.cpp:180:56:\x1b[m\x1b[K \x1b[01;35m\x1b[Kwarning: \x1b[m\x1b[Kunused parameter \xe2\x80\x98\x1b[01m\x1b[Kreq\x1b[m\x1b[K\xe2\x80\x99 [\x1b[01;35m\x1b[K\x1b]8;;https://gcc.gnu.org/onlinedocs/gcc/Warning-Options.html#index-Wunused-parameter\x07-Wunused-parameter\x1b]8;;\x07\x1b[m\x1b[K]\n'}
[30.844953] (ydlidar_ros2_driver) StderrLine: {'line': b'  180 |   \x1b[01;35m\x1b[Kconst std::shared_ptr<std_srvs::srv::Empty::Request> req\x1b[m\x1b[K,\n'}
[30.847586] (ydlidar_ros2_driver) StderrLine: {'line': b'      |   \x1b[01;35m\x1b[K~~~~~~~~~~~~~~~~~~~~~~~~~~~~~~~~~~~~~~~~~~~~~~~~~~~~~^~~\x1b[m\x1b[K\n'}
[30.850118] (ydlidar_ros2_driver) StderrLine: {'line': b'\x1b[01m\x1b[K/home/pi/ros2_ws/src/ydlidar_ros2_driver-humble/src/ydlidar_ros2_driver_node.cpp:181:51:\x1b[m\x1b[K \x1b[01;35m\x1b[Kwarning: \x1b[m\x1b[Kunused parameter \xe2\x80\x98\x1b[01m\x1b[Kresponse\x1b[m\x1b[K\xe2\x80\x99 [\x1b[01;35m\x1b[K\x1b]8;;https://gcc.gnu.org/onlinedocs/gcc/Warning-Options.html#index-Wunused-parameter\x07-Wunused-parameter\x1b]8;;\x07\x1b[m\x1b[K]\n'}
[30.852721] (ydlidar_ros2_driver) StderrLine: {'line': b'  181 |   \x1b[01;35m\x1b[Kstd::shared_ptr<std_srvs::srv::Empty::Response> response\x1b[m\x1b[K) -> bool\n'}
[30.858008] (ydlidar_ros2_driver) StderrLine: {'line': b'      |   \x1b[01;35m\x1b[K~~~~~~~~~~~~~~~~~~~~~~~~~~~~~~~~~~~~~~~~~~~~~~~~^~~~~~~~\x1b[m\x1b[K\n'}
[30.861019] (-) TimerEvent: {}
[30.962471] (-) TimerEvent: {}
[31.064023] (-) TimerEvent: {}
[31.166648] (-) TimerEvent: {}
[31.269042] (-) TimerEvent: {}
[31.371417] (-) TimerEvent: {}
[31.472978] (-) TimerEvent: {}
[31.575310] (-) TimerEvent: {}
[31.677299] (-) TimerEvent: {}
[31.779722] (-) TimerEvent: {}
[31.882206] (-) TimerEvent: {}
[31.984552] (-) TimerEvent: {}
[32.086959] (-) TimerEvent: {}
[32.189296] (-) TimerEvent: {}
[32.291674] (-) TimerEvent: {}
[32.394004] (-) TimerEvent: {}
[32.495542] (-) TimerEvent: {}
[32.597059] (-) TimerEvent: {}
[32.698689] (-) TimerEvent: {}
[32.800217] (-) TimerEvent: {}
[32.901914] (-) TimerEvent: {}
[33.004105] (-) TimerEvent: {}
[33.106605] (-) TimerEvent: {}
[33.210629] (-) TimerEvent: {}
[33.312530] (-) TimerEvent: {}
[33.414957] (-) TimerEvent: {}
[33.517282] (-) TimerEvent: {}
[33.619671] (-) TimerEvent: {}
[33.722055] (-) TimerEvent: {}
[33.824366] (-) TimerEvent: {}
[33.926757] (-) TimerEvent: {}
[34.029240] (-) TimerEvent: {}
[34.131838] (-) TimerEvent: {}
[34.234817] (-) TimerEvent: {}
[34.337282] (-) TimerEvent: {}
[34.439683] (-) TimerEvent: {}
[34.542043] (-) TimerEvent: {}
[34.644471] (-) TimerEvent: {}
[34.747309] (-) TimerEvent: {}
[34.850529] (-) TimerEvent: {}
[34.954251] (-) TimerEvent: {}
[35.057034] (-) TimerEvent: {}
[35.160447] (-) TimerEvent: {}
[35.262895] (-) TimerEvent: {}
[35.365345] (-) TimerEvent: {}
[35.467848] (-) TimerEvent: {}
[35.571898] (-) TimerEvent: {}
[35.674233] (-) TimerEvent: {}
[35.776657] (-) TimerEvent: {}
[35.879638] (-) TimerEvent: {}
[35.981152] (-) TimerEvent: {}
[36.083634] (-) TimerEvent: {}
[36.186039] (-) TimerEvent: {}
[36.288630] (-) TimerEvent: {}
[36.392472] (-) TimerEvent: {}
[36.493989] (-) TimerEvent: {}
[36.595473] (-) TimerEvent: {}
[36.697160] (-) TimerEvent: {}
[36.801270] (-) TimerEvent: {}
[36.905224] (-) TimerEvent: {}
[37.008131] (-) TimerEvent: {}
[37.111282] (-) TimerEvent: {}
[37.213884] (-) TimerEvent: {}
[37.317109] (-) TimerEvent: {}
[37.419700] (-) TimerEvent: {}
[37.521733] (-) TimerEvent: {}
[37.623707] (-) TimerEvent: {}
[37.725282] (-) TimerEvent: {}
[37.826958] (-) TimerEvent: {}
[37.928638] (-) TimerEvent: {}
[38.031319] (-) TimerEvent: {}
[38.134274] (-) TimerEvent: {}
[38.237118] (-) TimerEvent: {}
[38.340272] (-) TimerEvent: {}
[38.442802] (-) TimerEvent: {}
[38.545115] (-) TimerEvent: {}
[38.647592] (-) TimerEvent: {}
[38.750035] (-) TimerEvent: {}
[38.852460] (-) TimerEvent: {}
[38.954874] (-) TimerEvent: {}
[39.056473] (-) TimerEvent: {}
[39.158924] (-) TimerEvent: {}
[39.261357] (-) TimerEvent: {}
[39.363972] (-) TimerEvent: {}
[39.466655] (-) TimerEvent: {}
[39.569116] (-) TimerEvent: {}
[39.671652] (-) TimerEvent: {}
[39.774082] (-) TimerEvent: {}
[39.876628] (-) TimerEvent: {}
[39.979221] (-) TimerEvent: {}
[40.082930] (-) TimerEvent: {}
[40.186713] (-) TimerEvent: {}
[40.288957] (-) TimerEvent: {}
[40.391160] (-) TimerEvent: {}
[40.492563] (-) TimerEvent: {}
[40.595291] (-) TimerEvent: {}
[40.697378] (-) TimerEvent: {}
[40.799453] (-) TimerEvent: {}
[40.901472] (-) TimerEvent: {}
[41.002914] (-) TimerEvent: {}
[41.105272] (-) TimerEvent: {}
[41.207408] (-) TimerEvent: {}
[41.309434] (-) TimerEvent: {}
[41.411094] (-) TimerEvent: {}
[41.512732] (-) TimerEvent: {}
[41.614800] (-) TimerEvent: {}
[41.719233] (-) TimerEvent: {}
[41.822076] (-) TimerEvent: {}
[41.926015] (-) TimerEvent: {}
[41.946437] (ldlidar_sl_ros2) StdoutLine: {'line': b'[100%] \x1b[32m\x1b[1mLinking CXX executable ldlidar_sl_ros2_node\x1b[0m\n'}
[42.026277] (-) TimerEvent: {}
[42.128117] (-) TimerEvent: {}
[42.230526] (-) TimerEvent: {}
[42.334341] (-) TimerEvent: {}
[42.438046] (-) TimerEvent: {}
[42.541793] (-) TimerEvent: {}
[42.646484] (-) TimerEvent: {}
[42.749446] (-) TimerEvent: {}
[42.852306] (-) TimerEvent: {}
[42.955416] (-) TimerEvent: {}
[43.057602] (-) TimerEvent: {}
[43.159747] (-) TimerEvent: {}
[43.261984] (-) TimerEvent: {}
[43.364427] (-) TimerEvent: {}
[43.466411] (-) TimerEvent: {}
[43.519494] (ldlidar_sl_ros2) StdoutLine: {'line': b'[100%] Built target ldlidar_sl_ros2_node\n'}
[43.566693] (-) TimerEvent: {}
[43.570540] (ldlidar_sl_ros2) CommandEnded: {'returncode': 0}
[43.581557] (ldlidar_sl_ros2) JobProgress: {'identifier': 'ldlidar_sl_ros2', 'progress': 'install'}
[43.581946] (ldlidar_sl_ros2) Command: {'cmd': ['/usr/bin/cmake', '--install', '/home/pi/ros2_ws/build/ldlidar_sl_ros2'], 'cwd': '/home/pi/ros2_ws/build/ldlidar_sl_ros2', 'env': OrderedDict([('LESSOPEN', '| /usr/bin/lesspipe %s'), ('USER', 'pi'), ('SSH_CLIENT', '192.168.1.67 63544 6767'), ('XDG_SESSION_TYPE', 'tty'), ('GIT_ASKPASS', '/home/pi/.vscode-server/cli/servers/Stable-6928394f91b684055b873eecb8bc281365131f1c/server/extensions/git/dist/askpass.sh'), ('SHLVL', '1'), ('LD_LIBRARY_PATH', '/opt/ros/humble/opt/rviz_ogre_vendor/lib:/home/pi/yahboomcar_ws/install/openslam_gmapping/lib:/opt/ros/humble/lib/aarch64-linux-gnu:/opt/ros/humble/lib'), ('BROWSER', '/home/pi/.vscode-server/cli/servers/Stable-6928394f91b684055b873eecb8bc281365131f1c/server/bin/helpers/browser.sh'), ('MOTD_SHOWN', 'pam'), ('HOME', '/home/pi'), ('OLDPWD', '/home/pi/ros2_ws/src'), ('TERM_PROGRAM_VERSION', '1.124.2'), ('VSCODE_IPC_HOOK_CLI', '/run/user/1000/vscode-ipc-a6270857-dd1e-4d15-9c6c-6c98ace99e62.sock'), ('ROS_PYTHON_VERSION', '3'), ('VSCODE_GIT_ASKPASS_MAIN', '/home/pi/.vscode-server/cli/servers/Stable-6928394f91b684055b873eecb8bc281365131f1c/server/extensions/git/dist/askpass-main.js'), ('VSCODE_GIT_ASKPASS_NODE', '/home/pi/.vscode-server/cli/servers/Stable-6928394f91b684055b873eecb8bc281365131f1c/server/node'), ('VSCODE_PYTHON_AUTOACTIVATE_GUARD', '1'), ('DBUS_SESSION_BUS_ADDRESS', 'unix:path=/run/user/1000/bus'), ('COLORTERM', 'truecolor'), ('COLCON_PREFIX_PATH', '/home/pi/ros2_ws/install:/home/pi/yahboomcar_ws/install'), ('ROS_DISTRO', 'humble'), ('LOGNAME', 'pi'), ('_', '/usr/bin/colcon'), ('ROS_VERSION', '2'), ('CLAUDE_CODE_SSE_PORT', '65012'), ('XDG_SESSION_CLASS', 'user'), ('TERM', 'xterm-256color'), ('XDG_SESSION_ID', '1'), ('ROS_LOCALHOST_ONLY', '0'), ('PATH', '/home/pi/.vscode-server/data/User/globalStorage/github.copilot-chat/debugCommand:/home/pi/.vscode-server/data/User/globalStorage/github.copilot-chat/copilotCli:/home/pi/.vscode-server/cli/servers/Stable-6928394f91b684055b873eecb8bc281365131f1c/server/bin/remote-cli:/opt/ros/humble/bin:/usr/local/sbin:/usr/local/bin:/usr/sbin:/usr/bin:/sbin:/bin:/usr/games:/usr/local/games:/snap/bin'), ('XDG_RUNTIME_DIR', '/run/user/1000'), ('LANG', 'en_US.UTF-8'), ('LS_COLORS', 'rs=0:di=01;34:ln=01;36:mh=00:pi=40;33:so=01;35:do=01;35:bd=40;33;01:cd=40;33;01:or=40;31;01:mi=00:su=37;41:sg=30;43:ca=30;41:tw=30;42:ow=34;42:st=37;44:ex=01;32:*.tar=01;31:*.tgz=01;31:*.arc=01;31:*.arj=01;31:*.taz=01;31:*.lha=01;31:*.lz4=01;31:*.lzh=01;31:*.lzma=01;31:*.tlz=01;31:*.txz=01;31:*.tzo=01;31:*.t7z=01;31:*.zip=01;31:*.z=01;31:*.dz=01;31:*.gz=01;31:*.lrz=01;31:*.lz=01;31:*.lzo=01;31:*.xz=01;31:*.zst=01;31:*.tzst=01;31:*.bz2=01;31:*.bz=01;31:*.tbz=01;31:*.tbz2=01;31:*.tz=01;31:*.deb=01;31:*.rpm=01;31:*.jar=01;31:*.war=01;31:*.ear=01;31:*.sar=01;31:*.rar=01;31:*.alz=01;31:*.ace=01;31:*.zoo=01;31:*.cpio=01;31:*.7z=01;31:*.rz=01;31:*.cab=01;31:*.wim=01;31:*.swm=01;31:*.dwm=01;31:*.esd=01;31:*.jpg=01;35:*.jpeg=01;35:*.mjpg=01;35:*.mjpeg=01;35:*.gif=01;35:*.bmp=01;35:*.pbm=01;35:*.pgm=01;35:*.ppm=01;35:*.tga=01;35:*.xbm=01;35:*.xpm=01;35:*.tif=01;35:*.tiff=01;35:*.png=01;35:*.svg=01;35:*.svgz=01;35:*.mng=01;35:*.pcx=01;35:*.mov=01;35:*.mpg=01;35:*.mpeg=01;35:*.m2v=01;35:*.mkv=01;35:*.webm=01;35:*.webp=01;35:*.ogm=01;35:*.mp4=01;35:*.m4v=01;35:*.mp4v=01;35:*.vob=01;35:*.qt=01;35:*.nuv=01;35:*.wmv=01;35:*.asf=01;35:*.rm=01;35:*.rmvb=01;35:*.flc=01;35:*.avi=01;35:*.fli=01;35:*.flv=01;35:*.gl=01;35:*.dl=01;35:*.xcf=01;35:*.xwd=01;35:*.yuv=01;35:*.cgm=01;35:*.emf=01;35:*.ogv=01;35:*.ogx=01;35:*.aac=00;36:*.au=00;36:*.flac=00;36:*.m4a=00;36:*.mid=00;36:*.midi=00;36:*.mka=00;36:*.mp3=00;36:*.mpc=00;36:*.ogg=00;36:*.ra=00;36:*.wav=00;36:*.oga=00;36:*.opus=00;36:*.spx=00;36:*.xspf=00;36:'), ('VSCODE_GIT_IPC_HANDLE', '/run/user/1000/vscode-git-c356ab9cf8.sock'), ('TERM_PROGRAM', 'vscode'), ('AMENT_PREFIX_PATH', '/home/pi/ros2_ws/install/lidar_slam_bringup:/home/pi/ros2_ws/install/rf2o_laser_odometry:/home/pi/ros2_ws/install/ldlidar_ros2:/home/pi/yahboomcar_ws/install/ydlidar_ros2_driver:/home/pi/yahboomcar_ws/install/slam_gmapping:/home/pi/yahboomcar_ws/install/rf2o_laser_odometry:/home/pi/yahboomcar_ws/install/openslam_gmapping:/opt/ros/humble'), ('SHELL', '/bin/bash'), ('LESSCLOSE', '/usr/bin/lesspipe %s %s'), ('VSCODE_GIT_ASKPASS_EXTRA_ARGS', ''), ('PWD', '/home/pi/ros2_ws/build/ldlidar_sl_ros2'), ('LC_ALL', 'en_US.UTF-8'), ('COPILOT_DEBUG_NONCE', 'a00f81319b19cf8ad0b4a1ceff71c524'), ('SSH_CONNECTION', '192.168.1.67 63544 192.168.1.167 6767'), ('XDG_DATA_DIRS', '/usr/local/share:/usr/share:/var/lib/snapd/desktop'), ('PYTHONPATH', '/home/pi/ros2_ws/build/lidar_slam_bringup:/home/pi/ros2_ws/install/lidar_slam_bringup/lib/python3.10/site-packages:/opt/ros/humble/lib/python3.10/site-packages:/opt/ros/humble/local/lib/python3.10/dist-packages'), ('COLCON', '1'), ('CMAKE_PREFIX_PATH', '/home/pi/ros2_ws/install/rf2o_laser_odometry:/home/pi/ros2_ws/install/ldlidar_ros2:/home/pi/yahboomcar_ws/install/ydlidar_ros2_driver:/home/pi/yahboomcar_ws/install/slam_gmapping:/home/pi/yahboomcar_ws/install/rf2o_laser_odometry:/home/pi/yahboomcar_ws/install/openslam_gmapping:/home/pi/ros2_ws/install/lidar_slam_bringup:/opt/ros/humble')]), 'shell': False}
[43.618841] (ldlidar_sl_ros2) StdoutLine: {'line': b'-- Install configuration: ""\n'}
[43.620820] (ldlidar_sl_ros2) StdoutLine: {'line': b'-- Installing: /home/pi/ros2_ws/install/ldlidar_sl_ros2/lib/ldlidar_sl_ros2/ldlidar_sl_ros2_node\n'}
[43.635041] (ldlidar_sl_ros2) StdoutLine: {'line': b'-- Set runtime path of "/home/pi/ros2_ws/install/ldlidar_sl_ros2/lib/ldlidar_sl_ros2/ldlidar_sl_ros2_node" to ""\n'}
[43.636982] (ldlidar_sl_ros2) StdoutLine: {'line': b'-- Installing: /home/pi/ros2_ws/install/ldlidar_sl_ros2/share/ldlidar_sl_ros2//launch\n'}
[43.638714] (ldlidar_sl_ros2) StdoutLine: {'line': b'-- Installing: /home/pi/ros2_ws/install/ldlidar_sl_ros2/share/ldlidar_sl_ros2//launch/viewer_ld14p.launch.py\n'}
[43.640146] (ldlidar_sl_ros2) StdoutLine: {'line': b'-- Installing: /home/pi/ros2_ws/install/ldlidar_sl_ros2/share/ldlidar_sl_ros2//launch/viewer_ld14.launch.py\n'}
[43.643757] (ldlidar_sl_ros2) StdoutLine: {'line': b'-- Installing: /home/pi/ros2_ws/install/ldlidar_sl_ros2/share/ldlidar_sl_ros2//launch/ld14p.launch.py\n'}
[43.649260] (ldlidar_sl_ros2) StdoutLine: {'line': b'-- Installing: /home/pi/ros2_ws/install/ldlidar_sl_ros2/share/ldlidar_sl_ros2//launch/ld14.launch.py\n'}
[43.654280] (ldlidar_sl_ros2) StdoutLine: {'line': b'-- Installing: /home/pi/ros2_ws/install/ldlidar_sl_ros2/share/ldlidar_sl_ros2//rviz2\n'}
[43.656270] (ldlidar_sl_ros2) StdoutLine: {'line': b'-- Installing: /home/pi/ros2_ws/install/ldlidar_sl_ros2/share/ldlidar_sl_ros2//rviz2/ldlidar.rviz\n'}
[43.659420] (ldlidar_sl_ros2) StdoutLine: {'line': b'-- Installing: /home/pi/ros2_ws/install/ldlidar_sl_ros2/share/ldlidar_sl_ros2//scripts\n'}
[43.662871] (ldlidar_sl_ros2) StdoutLine: {'line': b'-- Installing: /home/pi/ros2_ws/install/ldlidar_sl_ros2/share/ldlidar_sl_ros2//scripts/ldlidar.rules\n'}
[43.665983] (ldlidar_sl_ros2) StdoutLine: {'line': b'-- Installing: /home/pi/ros2_ws/install/ldlidar_sl_ros2/share/ldlidar_sl_ros2//scripts/create_udev_rules.sh\n'}
[43.669151] (-) TimerEvent: {}
[43.673421] (ldlidar_sl_ros2) StdoutLine: {'line': b'-- Installing: /home/pi/ros2_ws/install/ldlidar_sl_ros2/share/ldlidar_sl_ros2//scripts/delete_udev_rules.sh\n'}
[43.676625] (ldlidar_sl_ros2) StdoutLine: {'line': b'-- Installing: /home/pi/ros2_ws/install/ldlidar_sl_ros2/share/ament_index/resource_index/package_run_dependencies/ldlidar_sl_ros2\n'}
[43.681545] (ldlidar_sl_ros2) StdoutLine: {'line': b'-- Installing: /home/pi/ros2_ws/install/ldlidar_sl_ros2/share/ament_index/resource_index/parent_prefix_path/ldlidar_sl_ros2\n'}
[43.683675] (ldlidar_sl_ros2) StdoutLine: {'line': b'-- Installing: /home/pi/ros2_ws/install/ldlidar_sl_ros2/share/ldlidar_sl_ros2/environment/ament_prefix_path.sh\n'}
[43.686931] (ldlidar_sl_ros2) StdoutLine: {'line': b'-- Installing: /home/pi/ros2_ws/install/ldlidar_sl_ros2/share/ldlidar_sl_ros2/environment/ament_prefix_path.dsv\n'}
[43.688035] (ldlidar_sl_ros2) StdoutLine: {'line': b'-- Installing: /home/pi/ros2_ws/install/ldlidar_sl_ros2/share/ldlidar_sl_ros2/environment/path.sh\n'}
[43.694368] (ldlidar_sl_ros2) StdoutLine: {'line': b'-- Installing: /home/pi/ros2_ws/install/ldlidar_sl_ros2/share/ldlidar_sl_ros2/environment/path.dsv\n'}
[43.696434] (ldlidar_sl_ros2) StdoutLine: {'line': b'-- Installing: /home/pi/ros2_ws/install/ldlidar_sl_ros2/share/ldlidar_sl_ros2/local_setup.bash\n'}
[43.697795] (ldlidar_sl_ros2) StdoutLine: {'line': b'-- Installing: /home/pi/ros2_ws/install/ldlidar_sl_ros2/share/ldlidar_sl_ros2/local_setup.sh\n'}
[43.698987] (ldlidar_sl_ros2) StdoutLine: {'line': b'-- Installing: /home/pi/ros2_ws/install/ldlidar_sl_ros2/share/ldlidar_sl_ros2/local_setup.zsh\n'}
[43.700027] (ldlidar_sl_ros2) StdoutLine: {'line': b'-- Installing: /home/pi/ros2_ws/install/ldlidar_sl_ros2/share/ldlidar_sl_ros2/local_setup.dsv\n'}
[43.701000] (ldlidar_sl_ros2) StdoutLine: {'line': b'-- Installing: /home/pi/ros2_ws/install/ldlidar_sl_ros2/share/ldlidar_sl_ros2/package.dsv\n'}
[43.702340] (ldlidar_sl_ros2) StdoutLine: {'line': b'-- Installing: /home/pi/ros2_ws/install/ldlidar_sl_ros2/share/ament_index/resource_index/packages/ldlidar_sl_ros2\n'}
[43.703343] (ldlidar_sl_ros2) StdoutLine: {'line': b'-- Installing: /home/pi/ros2_ws/install/ldlidar_sl_ros2/share/ldlidar_sl_ros2/cmake/ldlidar_sl_ros2Config.cmake\n'}
[43.704528] (ldlidar_sl_ros2) StdoutLine: {'line': b'-- Installing: /home/pi/ros2_ws/install/ldlidar_sl_ros2/share/ldlidar_sl_ros2/cmake/ldlidar_sl_ros2Config-version.cmake\n'}
[43.705703] (ldlidar_sl_ros2) StdoutLine: {'line': b'-- Installing: /home/pi/ros2_ws/install/ldlidar_sl_ros2/share/ldlidar_sl_ros2/package.xml\n'}
[43.707325] (ldlidar_sl_ros2) CommandEnded: {'returncode': 0}
[43.769421] (-) TimerEvent: {}
[43.809669] (ldlidar_sl_ros2) JobEnded: {'identifier': 'ldlidar_sl_ros2', 'rc': 0}
[43.869657] (-) TimerEvent: {}
[43.970688] (-) TimerEvent: {}
[44.071635] (-) TimerEvent: {}
[44.172901] (-) TimerEvent: {}
[44.273815] (-) TimerEvent: {}
[44.374792] (-) TimerEvent: {}
[44.475726] (-) TimerEvent: {}
[44.576622] (-) TimerEvent: {}
[44.677531] (-) TimerEvent: {}
[44.778458] (-) TimerEvent: {}
[44.879378] (-) TimerEvent: {}
[44.980332] (-) TimerEvent: {}
[45.081303] (-) TimerEvent: {}
[45.182287] (-) TimerEvent: {}
[45.283230] (-) TimerEvent: {}
[45.384320] (-) TimerEvent: {}
[45.485238] (-) TimerEvent: {}
[45.586084] (-) TimerEvent: {}
[45.686987] (-) TimerEvent: {}
[45.787900] (-) TimerEvent: {}
[45.888881] (-) TimerEvent: {}
[45.990254] (-) TimerEvent: {}
[46.092542] (-) TimerEvent: {}
[46.193728] (-) TimerEvent: {}
[46.294962] (-) TimerEvent: {}
[46.396224] (-) TimerEvent: {}
[46.497768] (-) TimerEvent: {}
[46.599181] (-) TimerEvent: {}
[46.701085] (-) TimerEvent: {}
[46.796220] (ydlidar_ros2_driver) StdoutLine: {'line': b'[ 75%] \x1b[32m\x1b[1mLinking CXX executable ydlidar_ros2_driver_node\x1b[0m\n'}
[46.801293] (-) TimerEvent: {}
[46.902921] (-) TimerEvent: {}
[47.004605] (-) TimerEvent: {}
[47.106914] (-) TimerEvent: {}
[47.208044] (-) TimerEvent: {}
[47.309235] (-) TimerEvent: {}
[47.410540] (-) TimerEvent: {}
[47.512376] (-) TimerEvent: {}
[47.613661] (-) TimerEvent: {}
[47.715404] (-) TimerEvent: {}
[47.816635] (-) TimerEvent: {}
[47.917548] (-) TimerEvent: {}
[48.018674] (-) TimerEvent: {}
[48.120009] (-) TimerEvent: {}
[48.220819] (-) TimerEvent: {}
[48.321672] (-) TimerEvent: {}
[48.422764] (-) TimerEvent: {}
[48.524306] (-) TimerEvent: {}
[48.612405] (ydlidar_ros2_driver) StdoutLine: {'line': b'[ 75%] Built target ydlidar_ros2_driver_node\n'}
[48.624506] (-) TimerEvent: {}
[48.725322] (-) TimerEvent: {}
[48.826133] (-) TimerEvent: {}
[48.926940] (-) TimerEvent: {}
[49.027728] (-) TimerEvent: {}
[49.128512] (-) TimerEvent: {}
[49.229301] (-) TimerEvent: {}
[49.330128] (-) TimerEvent: {}
[49.430943] (-) TimerEvent: {}
[49.531740] (-) TimerEvent: {}
[49.632524] (-) TimerEvent: {}
[49.733373] (-) TimerEvent: {}
[49.834198] (-) TimerEvent: {}
[49.935099] (-) TimerEvent: {}
[50.035884] (-) TimerEvent: {}
[50.136693] (-) TimerEvent: {}
[50.237533] (-) TimerEvent: {}
[50.338339] (-) TimerEvent: {}
[50.439136] (-) TimerEvent: {}
[50.539909] (-) TimerEvent: {}
[50.640701] (-) TimerEvent: {}
[50.741460] (-) TimerEvent: {}
[50.842285] (-) TimerEvent: {}
[50.943066] (-) TimerEvent: {}
[51.043921] (-) TimerEvent: {}
[51.144749] (-) TimerEvent: {}
[51.245574] (-) TimerEvent: {}
[51.346394] (-) TimerEvent: {}
[51.447156] (-) TimerEvent: {}
[51.547949] (-) TimerEvent: {}
[51.648753] (-) TimerEvent: {}
[51.749540] (-) TimerEvent: {}
[51.850348] (-) TimerEvent: {}
[51.951150] (-) TimerEvent: {}
[52.051942] (-) TimerEvent: {}
[52.152749] (-) TimerEvent: {}
[52.253553] (-) TimerEvent: {}
[52.354352] (-) TimerEvent: {}
[52.455128] (-) TimerEvent: {}
[52.555874] (-) TimerEvent: {}
[52.656664] (-) TimerEvent: {}
[52.757489] (-) TimerEvent: {}
[52.858305] (-) TimerEvent: {}
[52.959085] (-) TimerEvent: {}
[53.059878] (-) TimerEvent: {}
[53.160710] (-) TimerEvent: {}
[53.261510] (-) TimerEvent: {}
[53.362328] (-) TimerEvent: {}
[53.463102] (-) TimerEvent: {}
[53.563891] (-) TimerEvent: {}
[53.664704] (-) TimerEvent: {}
[53.765552] (-) TimerEvent: {}
[53.866398] (-) TimerEvent: {}
[53.967437] (-) TimerEvent: {}
[54.068500] (-) TimerEvent: {}
[54.169790] (-) TimerEvent: {}
[54.270863] (-) TimerEvent: {}
[54.371675] (-) TimerEvent: {}
[54.472473] (-) TimerEvent: {}
[54.573268] (-) TimerEvent: {}
[54.674183] (-) TimerEvent: {}
[54.774988] (-) TimerEvent: {}
[54.875782] (-) TimerEvent: {}
[54.976596] (-) TimerEvent: {}
[55.077421] (-) TimerEvent: {}
[55.178230] (-) TimerEvent: {}
[55.279011] (-) TimerEvent: {}
[55.379804] (-) TimerEvent: {}
[55.480639] (-) TimerEvent: {}
[55.581471] (-) TimerEvent: {}
[55.682530] (-) TimerEvent: {}
[55.783534] (-) TimerEvent: {}
[55.884311] (-) TimerEvent: {}
[55.985346] (-) TimerEvent: {}
[56.087091] (-) TimerEvent: {}
[56.188196] (-) TimerEvent: {}
[56.289060] (-) TimerEvent: {}
[56.390058] (-) TimerEvent: {}
[56.490957] (-) TimerEvent: {}
[56.591757] (-) TimerEvent: {}
[56.692637] (-) TimerEvent: {}
[56.702670] (ydlidar_ros2_driver) StdoutLine: {'line': b'[100%] \x1b[32m\x1b[1mLinking CXX executable ydlidar_ros2_driver_client\x1b[0m\n'}
[56.792983] (-) TimerEvent: {}
[56.894129] (-) TimerEvent: {}
[56.995192] (-) TimerEvent: {}
[57.096403] (-) TimerEvent: {}
[57.197660] (-) TimerEvent: {}
[57.298697] (-) TimerEvent: {}
[57.399759] (-) TimerEvent: {}
[57.500762] (-) TimerEvent: {}
[57.601880] (-) TimerEvent: {}
[57.702965] (-) TimerEvent: {}
[57.803917] (-) TimerEvent: {}
[57.904770] (-) TimerEvent: {}
[58.005483] (-) TimerEvent: {}
[58.106268] (-) TimerEvent: {}
[58.206984] (-) TimerEvent: {}
[58.307710] (-) TimerEvent: {}
[58.408549] (-) TimerEvent: {}
[58.509353] (-) TimerEvent: {}
[58.610066] (-) TimerEvent: {}
[58.676345] (ydlidar_ros2_driver) StdoutLine: {'line': b'[100%] Built target ydlidar_ros2_driver_client\n'}
[58.710300] (-) TimerEvent: {}
[58.716860] (ydlidar_ros2_driver) CommandEnded: {'returncode': 0}
[58.719604] (ydlidar_ros2_driver) JobProgress: {'identifier': 'ydlidar_ros2_driver', 'progress': 'install'}
[58.720579] (ydlidar_ros2_driver) Command: {'cmd': ['/usr/bin/cmake', '--install', '/home/pi/ros2_ws/build/ydlidar_ros2_driver'], 'cwd': '/home/pi/ros2_ws/build/ydlidar_ros2_driver', 'env': OrderedDict([('LESSOPEN', '| /usr/bin/lesspipe %s'), ('USER', 'pi'), ('SSH_CLIENT', '192.168.1.67 63544 6767'), ('XDG_SESSION_TYPE', 'tty'), ('GIT_ASKPASS', '/home/pi/.vscode-server/cli/servers/Stable-6928394f91b684055b873eecb8bc281365131f1c/server/extensions/git/dist/askpass.sh'), ('SHLVL', '1'), ('LD_LIBRARY_PATH', '/opt/ros/humble/opt/rviz_ogre_vendor/lib:/home/pi/yahboomcar_ws/install/openslam_gmapping/lib:/opt/ros/humble/lib/aarch64-linux-gnu:/opt/ros/humble/lib'), ('BROWSER', '/home/pi/.vscode-server/cli/servers/Stable-6928394f91b684055b873eecb8bc281365131f1c/server/bin/helpers/browser.sh'), ('MOTD_SHOWN', 'pam'), ('HOME', '/home/pi'), ('OLDPWD', '/home/pi/ros2_ws/src'), ('TERM_PROGRAM_VERSION', '1.124.2'), ('VSCODE_IPC_HOOK_CLI', '/run/user/1000/vscode-ipc-a6270857-dd1e-4d15-9c6c-6c98ace99e62.sock'), ('ROS_PYTHON_VERSION', '3'), ('VSCODE_GIT_ASKPASS_MAIN', '/home/pi/.vscode-server/cli/servers/Stable-6928394f91b684055b873eecb8bc281365131f1c/server/extensions/git/dist/askpass-main.js'), ('VSCODE_GIT_ASKPASS_NODE', '/home/pi/.vscode-server/cli/servers/Stable-6928394f91b684055b873eecb8bc281365131f1c/server/node'), ('VSCODE_PYTHON_AUTOACTIVATE_GUARD', '1'), ('DBUS_SESSION_BUS_ADDRESS', 'unix:path=/run/user/1000/bus'), ('COLORTERM', 'truecolor'), ('COLCON_PREFIX_PATH', '/home/pi/ros2_ws/install:/home/pi/yahboomcar_ws/install'), ('ROS_DISTRO', 'humble'), ('LOGNAME', 'pi'), ('_', '/usr/bin/colcon'), ('ROS_VERSION', '2'), ('CLAUDE_CODE_SSE_PORT', '65012'), ('XDG_SESSION_CLASS', 'user'), ('TERM', 'xterm-256color'), ('XDG_SESSION_ID', '1'), ('ROS_LOCALHOST_ONLY', '0'), ('PATH', '/home/pi/.vscode-server/data/User/globalStorage/github.copilot-chat/debugCommand:/home/pi/.vscode-server/data/User/globalStorage/github.copilot-chat/copilotCli:/home/pi/.vscode-server/cli/servers/Stable-6928394f91b684055b873eecb8bc281365131f1c/server/bin/remote-cli:/opt/ros/humble/bin:/usr/local/sbin:/usr/local/bin:/usr/sbin:/usr/bin:/sbin:/bin:/usr/games:/usr/local/games:/snap/bin'), ('XDG_RUNTIME_DIR', '/run/user/1000'), ('LANG', 'en_US.UTF-8'), ('LS_COLORS', 'rs=0:di=01;34:ln=01;36:mh=00:pi=40;33:so=01;35:do=01;35:bd=40;33;01:cd=40;33;01:or=40;31;01:mi=00:su=37;41:sg=30;43:ca=30;41:tw=30;42:ow=34;42:st=37;44:ex=01;32:*.tar=01;31:*.tgz=01;31:*.arc=01;31:*.arj=01;31:*.taz=01;31:*.lha=01;31:*.lz4=01;31:*.lzh=01;31:*.lzma=01;31:*.tlz=01;31:*.txz=01;31:*.tzo=01;31:*.t7z=01;31:*.zip=01;31:*.z=01;31:*.dz=01;31:*.gz=01;31:*.lrz=01;31:*.lz=01;31:*.lzo=01;31:*.xz=01;31:*.zst=01;31:*.tzst=01;31:*.bz2=01;31:*.bz=01;31:*.tbz=01;31:*.tbz2=01;31:*.tz=01;31:*.deb=01;31:*.rpm=01;31:*.jar=01;31:*.war=01;31:*.ear=01;31:*.sar=01;31:*.rar=01;31:*.alz=01;31:*.ace=01;31:*.zoo=01;31:*.cpio=01;31:*.7z=01;31:*.rz=01;31:*.cab=01;31:*.wim=01;31:*.swm=01;31:*.dwm=01;31:*.esd=01;31:*.jpg=01;35:*.jpeg=01;35:*.mjpg=01;35:*.mjpeg=01;35:*.gif=01;35:*.bmp=01;35:*.pbm=01;35:*.pgm=01;35:*.ppm=01;35:*.tga=01;35:*.xbm=01;35:*.xpm=01;35:*.tif=01;35:*.tiff=01;35:*.png=01;35:*.svg=01;35:*.svgz=01;35:*.mng=01;35:*.pcx=01;35:*.mov=01;35:*.mpg=01;35:*.mpeg=01;35:*.m2v=01;35:*.mkv=01;35:*.webm=01;35:*.webp=01;35:*.ogm=01;35:*.mp4=01;35:*.m4v=01;35:*.mp4v=01;35:*.vob=01;35:*.qt=01;35:*.nuv=01;35:*.wmv=01;35:*.asf=01;35:*.rm=01;35:*.rmvb=01;35:*.flc=01;35:*.avi=01;35:*.fli=01;35:*.flv=01;35:*.gl=01;35:*.dl=01;35:*.xcf=01;35:*.xwd=01;35:*.yuv=01;35:*.cgm=01;35:*.emf=01;35:*.ogv=01;35:*.ogx=01;35:*.aac=00;36:*.au=00;36:*.flac=00;36:*.m4a=00;36:*.mid=00;36:*.midi=00;36:*.mka=00;36:*.mp3=00;36:*.mpc=00;36:*.ogg=00;36:*.ra=00;36:*.wav=00;36:*.oga=00;36:*.opus=00;36:*.spx=00;36:*.xspf=00;36:'), ('VSCODE_GIT_IPC_HANDLE', '/run/user/1000/vscode-git-c356ab9cf8.sock'), ('TERM_PROGRAM', 'vscode'), ('AMENT_PREFIX_PATH', '/home/pi/ros2_ws/install/lidar_slam_bringup:/home/pi/ros2_ws/install/rf2o_laser_odometry:/home/pi/ros2_ws/install/ldlidar_ros2:/home/pi/yahboomcar_ws/install/ydlidar_ros2_driver:/home/pi/yahboomcar_ws/install/slam_gmapping:/home/pi/yahboomcar_ws/install/rf2o_laser_odometry:/home/pi/yahboomcar_ws/install/openslam_gmapping:/opt/ros/humble'), ('SHELL', '/bin/bash'), ('LESSCLOSE', '/usr/bin/lesspipe %s %s'), ('VSCODE_GIT_ASKPASS_EXTRA_ARGS', ''), ('PWD', '/home/pi/ros2_ws/build/ydlidar_ros2_driver'), ('LC_ALL', 'en_US.UTF-8'), ('COPILOT_DEBUG_NONCE', 'a00f81319b19cf8ad0b4a1ceff71c524'), ('SSH_CONNECTION', '192.168.1.67 63544 192.168.1.167 6767'), ('XDG_DATA_DIRS', '/usr/local/share:/usr/share:/var/lib/snapd/desktop'), ('PYTHONPATH', '/home/pi/ros2_ws/build/lidar_slam_bringup:/home/pi/ros2_ws/install/lidar_slam_bringup/lib/python3.10/site-packages:/opt/ros/humble/lib/python3.10/site-packages:/opt/ros/humble/local/lib/python3.10/dist-packages'), ('COLCON', '1'), ('CMAKE_PREFIX_PATH', '/home/pi/ros2_ws/install/rf2o_laser_odometry:/home/pi/ros2_ws/install/ldlidar_ros2:/home/pi/yahboomcar_ws/install/ydlidar_ros2_driver:/home/pi/yahboomcar_ws/install/slam_gmapping:/home/pi/yahboomcar_ws/install/rf2o_laser_odometry:/home/pi/yahboomcar_ws/install/openslam_gmapping:/home/pi/ros2_ws/install/lidar_slam_bringup:/opt/ros/humble')]), 'shell': False}
[58.755131] (ydlidar_ros2_driver) StdoutLine: {'line': b'-- Install configuration: ""\n'}
[58.755969] (ydlidar_ros2_driver) StdoutLine: {'line': b'-- Installing: /home/pi/ros2_ws/install/ydlidar_ros2_driver/lib/ydlidar_ros2_driver/ydlidar_ros2_driver_node\n'}
[58.774190] (ydlidar_ros2_driver) StdoutLine: {'line': b'-- Set runtime path of "/home/pi/ros2_ws/install/ydlidar_ros2_driver/lib/ydlidar_ros2_driver/ydlidar_ros2_driver_node" to ""\n'}
[58.774857] (ydlidar_ros2_driver) StdoutLine: {'line': b'-- Installing: /home/pi/ros2_ws/install/ydlidar_ros2_driver/lib/ydlidar_ros2_driver/ydlidar_ros2_driver_client\n'}
[58.801157] (ydlidar_ros2_driver) StdoutLine: {'line': b'-- Set runtime path of "/home/pi/ros2_ws/install/ydlidar_ros2_driver/lib/ydlidar_ros2_driver/ydlidar_ros2_driver_client" to ""\n'}
[58.801822] (ydlidar_ros2_driver) StdoutLine: {'line': b'-- Installing: /home/pi/ros2_ws/install/ydlidar_ros2_driver/share/ydlidar_ros2_driver/launch\n'}
[58.802394] (ydlidar_ros2_driver) StdoutLine: {'line': b'-- Installing: /home/pi/ros2_ws/install/ydlidar_ros2_driver/share/ydlidar_ros2_driver/launch/ydlidar.py\n'}
[58.803211] (ydlidar_ros2_driver) StdoutLine: {'line': b'-- Installing: /home/pi/ros2_ws/install/ydlidar_ros2_driver/share/ydlidar_ros2_driver/launch/ydlidar_launch_view.py\n'}
[58.804237] (ydlidar_ros2_driver) StdoutLine: {'line': b'-- Installing: /home/pi/ros2_ws/install/ydlidar_ros2_driver/share/ydlidar_ros2_driver/launch/ydlidar_launch.py\n'}
[58.805146] (ydlidar_ros2_driver) StdoutLine: {'line': b'-- Installing: /home/pi/ros2_ws/install/ydlidar_ros2_driver/share/ydlidar_ros2_driver/params\n'}
[58.805814] (ydlidar_ros2_driver) StdoutLine: {'line': b'-- Installing: /home/pi/ros2_ws/install/ydlidar_ros2_driver/share/ydlidar_ros2_driver/params/TminiPro.yaml\n'}
[58.806829] (ydlidar_ros2_driver) StdoutLine: {'line': b'-- Installing: /home/pi/ros2_ws/install/ydlidar_ros2_driver/share/ydlidar_ros2_driver/params/X2.yaml\n'}
[58.807760] (ydlidar_ros2_driver) StdoutLine: {'line': b'-- Installing: /home/pi/ros2_ws/install/ydlidar_ros2_driver/share/ydlidar_ros2_driver/params/GS2.yaml\n'}
[58.808642] (ydlidar_ros2_driver) StdoutLine: {'line': b'-- Installing: /home/pi/ros2_ws/install/ydlidar_ros2_driver/share/ydlidar_ros2_driver/params/G2.yaml\n'}
[58.809552] (ydlidar_ros2_driver) StdoutLine: {'line': b'-- Installing: /home/pi/ros2_ws/install/ydlidar_ros2_driver/share/ydlidar_ros2_driver/params/X4.yaml\n'}
[58.810377] (-) TimerEvent: {}
[58.810846] (ydlidar_ros2_driver) StdoutLine: {'line': b'-- Installing: /home/pi/ros2_ws/install/ydlidar_ros2_driver/share/ydlidar_ros2_driver/params/G1.yaml\n'}
[58.811535] (ydlidar_ros2_driver) StdoutLine: {'line': b'-- Installing: /home/pi/ros2_ws/install/ydlidar_ros2_driver/share/ydlidar_ros2_driver/params/TG.yaml\n'}
[58.812492] (ydlidar_ros2_driver) StdoutLine: {'line': b'-- Installing: /home/pi/ros2_ws/install/ydlidar_ros2_driver/share/ydlidar_ros2_driver/params/ydlidar.yaml\n'}
[58.813443] (ydlidar_ros2_driver) StdoutLine: {'line': b'-- Installing: /home/pi/ros2_ws/install/ydlidar_ros2_driver/share/ydlidar_ros2_driver/params/TEA.yaml\n'}
[58.814434] (ydlidar_ros2_driver) StdoutLine: {'line': b'-- Installing: /home/pi/ros2_ws/install/ydlidar_ros2_driver/share/ydlidar_ros2_driver/params/X4-Pro.yaml\n'}
[58.815378] (ydlidar_ros2_driver) StdoutLine: {'line': b'-- Installing: /home/pi/ros2_ws/install/ydlidar_ros2_driver/share/ydlidar_ros2_driver/params/G6.yaml\n'}
[58.816248] (ydlidar_ros2_driver) StdoutLine: {'line': b'-- Installing: /home/pi/ros2_ws/install/ydlidar_ros2_driver/share/ydlidar_ros2_driver/startup\n'}
[58.816981] (ydlidar_ros2_driver) StdoutLine: {'line': b'-- Installing: /home/pi/ros2_ws/install/ydlidar_ros2_driver/share/ydlidar_ros2_driver/startup/initenv.sh\n'}
[58.818007] (ydlidar_ros2_driver) StdoutLine: {'line': b'-- Installing: /home/pi/ros2_ws/install/ydlidar_ros2_driver/share/ydlidar_ros2_driver/config\n'}
[58.819037] (ydlidar_ros2_driver) StdoutLine: {'line': b'-- Installing: /home/pi/ros2_ws/install/ydlidar_ros2_driver/share/ydlidar_ros2_driver/config/ydlidar.rviz\n'}
[58.820585] (ydlidar_ros2_driver) StdoutLine: {'line': b'-- Installing: /home/pi/ros2_ws/install/ydlidar_ros2_driver/share/ament_index/resource_index/package_run_dependencies/ydlidar_ros2_driver\n'}
[58.822362] (ydlidar_ros2_driver) StdoutLine: {'line': b'-- Installing: /home/pi/ros2_ws/install/ydlidar_ros2_driver/share/ament_index/resource_index/parent_prefix_path/ydlidar_ros2_driver\n'}
[58.823927] (ydlidar_ros2_driver) StdoutLine: {'line': b'-- Installing: /home/pi/ros2_ws/install/ydlidar_ros2_driver/share/ydlidar_ros2_driver/environment/ament_prefix_path.sh\n'}
[58.825118] (ydlidar_ros2_driver) StdoutLine: {'line': b'-- Installing: /home/pi/ros2_ws/install/ydlidar_ros2_driver/share/ydlidar_ros2_driver/environment/ament_prefix_path.dsv\n'}
[58.826384] (ydlidar_ros2_driver) StdoutLine: {'line': b'-- Installing: /home/pi/ros2_ws/install/ydlidar_ros2_driver/share/ydlidar_ros2_driver/environment/path.sh\n'}
[58.827564] (ydlidar_ros2_driver) StdoutLine: {'line': b'-- Installing: /home/pi/ros2_ws/install/ydlidar_ros2_driver/share/ydlidar_ros2_driver/environment/path.dsv\n'}
[58.828736] (ydlidar_ros2_driver) StdoutLine: {'line': b'-- Installing: /home/pi/ros2_ws/install/ydlidar_ros2_driver/share/ydlidar_ros2_driver/local_setup.bash\n'}
[58.830045] (ydlidar_ros2_driver) StdoutLine: {'line': b'-- Installing: /home/pi/ros2_ws/install/ydlidar_ros2_driver/share/ydlidar_ros2_driver/local_setup.sh\n'}
[58.831341] (ydlidar_ros2_driver) StdoutLine: {'line': b'-- Installing: /home/pi/ros2_ws/install/ydlidar_ros2_driver/share/ydlidar_ros2_driver/local_setup.zsh\n'}
[58.832629] (ydlidar_ros2_driver) StdoutLine: {'line': b'-- Installing: /home/pi/ros2_ws/install/ydlidar_ros2_driver/share/ydlidar_ros2_driver/local_setup.dsv\n'}
[58.833764] (ydlidar_ros2_driver) StdoutLine: {'line': b'-- Installing: /home/pi/ros2_ws/install/ydlidar_ros2_driver/share/ydlidar_ros2_driver/package.dsv\n'}
[58.835460] (ydlidar_ros2_driver) StdoutLine: {'line': b'-- Installing: /home/pi/ros2_ws/install/ydlidar_ros2_driver/share/ament_index/resource_index/packages/ydlidar_ros2_driver\n'}
[58.836925] (ydlidar_ros2_driver) StdoutLine: {'line': b'-- Installing: /home/pi/ros2_ws/install/ydlidar_ros2_driver/share/ydlidar_ros2_driver/cmake/ydlidar_ros2_driverConfig.cmake\n'}
[58.837990] (ydlidar_ros2_driver) StdoutLine: {'line': b'-- Installing: /home/pi/ros2_ws/install/ydlidar_ros2_driver/share/ydlidar_ros2_driver/cmake/ydlidar_ros2_driverConfig-version.cmake\n'}
[58.839264] (ydlidar_ros2_driver) StdoutLine: {'line': b'-- Installing: /home/pi/ros2_ws/install/ydlidar_ros2_driver/share/ydlidar_ros2_driver/package.xml\n'}
[58.844806] (ydlidar_ros2_driver) CommandEnded: {'returncode': 0}
[58.908102] (ydlidar_ros2_driver) JobEnded: {'identifier': 'ydlidar_ros2_driver', 'rc': 0}
[58.911453] (-) TimerEvent: {}
[58.911799] (-) EventReactorShutdown: {}
